Split,URI,Class
training,gs://bdcc_vertex_ai_bucket/images/000e4e7ed48c932d.jpg,Bee
training,gs://bdcc_vertex_ai_bucket/images/017b66301f769755.jpg,Bee
training,gs://bdcc_vertex_ai_bucket/images/025c246aeb6d6b02.jpg,Bee
training,gs://bdcc_vertex_ai_bucket/images/0443e649baad6b53.jpg,Bee
training,gs://bdcc_vertex_ai_bucket/images/0445e5340f210120.jpg,Bee
training,gs://bdcc_vertex_ai_bucket/images/046f82bfaf124051.jpg,Bee
training,gs://bdcc_vertex_ai_bucket/images/05cadc08d0b91ff7.jpg,Bee
training,gs://bdcc_vertex_ai_bucket/images/05cdef845a7b0045.jpg,Bee
training,gs://bdcc_vertex_ai_bucket/images/06afae8665b2dab7.jpg,Bee
training,gs://bdcc_vertex_ai_bucket/images/0a4ecb2f027209f6.jpg,Bee
training,gs://bdcc_vertex_ai_bucket/images/0cc4b30d125a80d8.jpg,Bee
training,gs://bdcc_vertex_ai_bucket/images/0d0bdcc1dcd64c95.jpg,Bee
training,gs://bdcc_vertex_ai_bucket/images/0dc816c9cd4fce12.jpg,Bee
training,gs://bdcc_vertex_ai_bucket/images/0e2865a812f2d8cb.jpg,Bee
training,gs://bdcc_vertex_ai_bucket/images/0f8a109dbd1784be.jpg,Bee
training,gs://bdcc_vertex_ai_bucket/images/0f93595c478cd388.jpg,Bee
training,gs://bdcc_vertex_ai_bucket/images/0fe1f1d49da210fa.jpg,Bee
training,gs://bdcc_vertex_ai_bucket/images/0fff956ea9fe6584.jpg,Bee
training,gs://bdcc_vertex_ai_bucket/images/104c541de52b3347.jpg,Bee
training,gs://bdcc_vertex_ai_bucket/images/10626368043a3bd2.jpg,Bee
training,gs://bdcc_vertex_ai_bucket/images/128dde15059fcb20.jpg,Bee
training,gs://bdcc_vertex_ai_bucket/images/132e66dc9d77a9c1.jpg,Bee
training,gs://bdcc_vertex_ai_bucket/images/15107ca86d05e7e8.jpg,Bee
training,gs://bdcc_vertex_ai_bucket/images/1554824fd4ebdc5f.jpg,Bee
training,gs://bdcc_vertex_ai_bucket/images/15836c6284141870.jpg,Bee
training,gs://bdcc_vertex_ai_bucket/images/1732344e020b0c55.jpg,Bee
training,gs://bdcc_vertex_ai_bucket/images/17d286a973db5a6f.jpg,Bee
training,gs://bdcc_vertex_ai_bucket/images/198f2bd0f0ca3add.jpg,Bee
training,gs://bdcc_vertex_ai_bucket/images/19b383918e412877.jpg,Bee
training,gs://bdcc_vertex_ai_bucket/images/1b3bc6fa905a8aaf.jpg,Bee
training,gs://bdcc_vertex_ai_bucket/images/1b6446994d0d5f43.jpg,Bee
training,gs://bdcc_vertex_ai_bucket/images/1d0c2feeba30732c.jpg,Bee
training,gs://bdcc_vertex_ai_bucket/images/1d47fc722e9dbe23.jpg,Bee
training,gs://bdcc_vertex_ai_bucket/images/1e728158d7fe164a.jpg,Bee
training,gs://bdcc_vertex_ai_bucket/images/1f0326dd6d9d386e.jpg,Bee
training,gs://bdcc_vertex_ai_bucket/images/1f25c121b9a46a73.jpg,Bee
training,gs://bdcc_vertex_ai_bucket/images/1fe4aa75afb72d14.jpg,Bee
training,gs://bdcc_vertex_ai_bucket/images/1fec65ea011a9aaa.jpg,Bee
training,gs://bdcc_vertex_ai_bucket/images/20e8ba7f89b9b97f.jpg,Bee
training,gs://bdcc_vertex_ai_bucket/images/2126a898dc2b9b9d.jpg,Bee
training,gs://bdcc_vertex_ai_bucket/images/2170a464c709e9e9.jpg,Bee
training,gs://bdcc_vertex_ai_bucket/images/21b3a857af4d7db0.jpg,Bee
training,gs://bdcc_vertex_ai_bucket/images/23ee398942c56648.jpg,Bee
training,gs://bdcc_vertex_ai_bucket/images/251fa3ed30dec32a.jpg,Bee
training,gs://bdcc_vertex_ai_bucket/images/25e5fb7b91c8ace3.jpg,Bee
training,gs://bdcc_vertex_ai_bucket/images/268ae3159024cdfa.jpg,Bee
training,gs://bdcc_vertex_ai_bucket/images/278584e221ebe1da.jpg,Bee
training,gs://bdcc_vertex_ai_bucket/images/281f810c14f66193.jpg,Bee
training,gs://bdcc_vertex_ai_bucket/images/28e7d3c479419fc0.jpg,Bee
training,gs://bdcc_vertex_ai_bucket/images/28fd47c9f1a39388.jpg,Bee
training,gs://bdcc_vertex_ai_bucket/images/29afffcc6229a898.jpg,Bee
training,gs://bdcc_vertex_ai_bucket/images/2a5120f760e0a354.jpg,Bee
training,gs://bdcc_vertex_ai_bucket/images/2b52085f4ca118e1.jpg,Bee
training,gs://bdcc_vertex_ai_bucket/images/2d0c0fe2c70f3dd9.jpg,Bee
training,gs://bdcc_vertex_ai_bucket/images/2dab41d4d222bc8f.jpg,Bee
training,gs://bdcc_vertex_ai_bucket/images/2dbc06d9a808623c.jpg,Bee
training,gs://bdcc_vertex_ai_bucket/images/2dd800c66dab4797.jpg,Bee
training,gs://bdcc_vertex_ai_bucket/images/2f0168cfa29633a2.jpg,Bee
training,gs://bdcc_vertex_ai_bucket/images/31fc5927deae22ac.jpg,Bee
training,gs://bdcc_vertex_ai_bucket/images/334b0c4274c15c52.jpg,Bee
training,gs://bdcc_vertex_ai_bucket/images/3444583cb898d31c.jpg,Bee
training,gs://bdcc_vertex_ai_bucket/images/363e77ebb7b1182f.jpg,Bee
training,gs://bdcc_vertex_ai_bucket/images/3692b6d247a1f689.jpg,Bee
training,gs://bdcc_vertex_ai_bucket/images/37c1f9016ef95123.jpg,Bee
training,gs://bdcc_vertex_ai_bucket/images/3837b7c544916eaf.jpg,Bee
training,gs://bdcc_vertex_ai_bucket/images/38916461df62a29c.jpg,Bee
training,gs://bdcc_vertex_ai_bucket/images/394b63a673533a29.jpg,Bee
training,gs://bdcc_vertex_ai_bucket/images/3b11ff17f15a6d0c.jpg,Bee
training,gs://bdcc_vertex_ai_bucket/images/3e05383a2ab010c0.jpg,Bee
training,gs://bdcc_vertex_ai_bucket/images/3fc432a2546ddfe8.jpg,Bee
training,gs://bdcc_vertex_ai_bucket/images/40b1c6b1c2aaf7e5.jpg,Bee
training,gs://bdcc_vertex_ai_bucket/images/423b6383fdd456c6.jpg,Bee
training,gs://bdcc_vertex_ai_bucket/images/42c51776524e5ceb.jpg,Bee
training,gs://bdcc_vertex_ai_bucket/images/4476bdcdcca11904.jpg,Bee
training,gs://bdcc_vertex_ai_bucket/images/463e447e33845aa1.jpg,Bee
training,gs://bdcc_vertex_ai_bucket/images/477108e964a03f61.jpg,Bee
training,gs://bdcc_vertex_ai_bucket/images/47a3978bf308d923.jpg,Bee
training,gs://bdcc_vertex_ai_bucket/images/4917625f032af0b4.jpg,Bee
training,gs://bdcc_vertex_ai_bucket/images/495d3bca74f3813e.jpg,Bee
training,gs://bdcc_vertex_ai_bucket/images/4afd9517ca2fffcf.jpg,Bee
validation,gs://bdcc_vertex_ai_bucket/images/4ba4d91275fc27c9.jpg,Bee
validation,gs://bdcc_vertex_ai_bucket/images/4dfe32a553898142.jpg,Bee
validation,gs://bdcc_vertex_ai_bucket/images/4e72a393fb6acf27.jpg,Bee
validation,gs://bdcc_vertex_ai_bucket/images/57ed66adf418222a.jpg,Bee
validation,gs://bdcc_vertex_ai_bucket/images/584ef0c4b83fe888.jpg,Bee
validation,gs://bdcc_vertex_ai_bucket/images/58a36c0f09e8e5d8.jpg,Bee
validation,gs://bdcc_vertex_ai_bucket/images/58a81dce6d1807a2.jpg,Bee
validation,gs://bdcc_vertex_ai_bucket/images/59010a3cd511c126.jpg,Bee
validation,gs://bdcc_vertex_ai_bucket/images/59510e3343b2438b.jpg,Bee
validation,gs://bdcc_vertex_ai_bucket/images/59b073399ece1fb6.jpg,Bee
test,gs://bdcc_vertex_ai_bucket/images/5adaf5902a0aa3d7.jpg,Bee
test,gs://bdcc_vertex_ai_bucket/images/5bc60130ecff0cbd.jpg,Bee
test,gs://bdcc_vertex_ai_bucket/images/5e80eedb97b19c9c.jpg,Bee
test,gs://bdcc_vertex_ai_bucket/images/5f052c328ea047f3.jpg,Bee
test,gs://bdcc_vertex_ai_bucket/images/5faf4d386d5754e1.jpg,Bee
test,gs://bdcc_vertex_ai_bucket/images/60bf9a3510305ffb.jpg,Bee
test,gs://bdcc_vertex_ai_bucket/images/60f2f656398fc0a9.jpg,Bee
test,gs://bdcc_vertex_ai_bucket/images/63d5085346ff661b.jpg,Bee
test,gs://bdcc_vertex_ai_bucket/images/66468bd946eb5c3a.jpg,Bee
test,gs://bdcc_vertex_ai_bucket/images/670321baf5e79dea.jpg,Bee
training,gs://bdcc_vertex_ai_bucket/images/00292d5574d17266.jpg,Crab
training,gs://bdcc_vertex_ai_bucket/images/02053bc389142b78.jpg,Crab
training,gs://bdcc_vertex_ai_bucket/images/0242efe4de98f171.jpg,Crab
training,gs://bdcc_vertex_ai_bucket/images/03fa4b1201e89917.jpg,Crab
training,gs://bdcc_vertex_ai_bucket/images/067511db51d0f3a5.jpg,Crab
training,gs://bdcc_vertex_ai_bucket/images/0a5461a469ce37ee.jpg,Crab
training,gs://bdcc_vertex_ai_bucket/images/0ba2756bae006392.jpg,Crab
training,gs://bdcc_vertex_ai_bucket/images/100e0a942294ab8d.jpg,Crab
training,gs://bdcc_vertex_ai_bucket/images/12647a6bdd653d3c.jpg,Crab
training,gs://bdcc_vertex_ai_bucket/images/1356967d306c775d.jpg,Crab
training,gs://bdcc_vertex_ai_bucket/images/159087226b8dcecb.jpg,Crab
training,gs://bdcc_vertex_ai_bucket/images/161f9f0b97df3a8d.jpg,Crab
training,gs://bdcc_vertex_ai_bucket/images/16857de08193111a.jpg,Crab
training,gs://bdcc_vertex_ai_bucket/images/189f73a1739d6224.jpg,Crab
training,gs://bdcc_vertex_ai_bucket/images/1a603f29fda7b768.jpg,Crab
training,gs://bdcc_vertex_ai_bucket/images/1dfc94af1d596977.jpg,Crab
training,gs://bdcc_vertex_ai_bucket/images/1e6b945fe36a9fc8.jpg,Crab
training,gs://bdcc_vertex_ai_bucket/images/1fea3becc6687583.jpg,Crab
training,gs://bdcc_vertex_ai_bucket/images/2083cb29bfaf3d3b.jpg,Crab
training,gs://bdcc_vertex_ai_bucket/images/220e03f2bad93baa.jpg,Crab
training,gs://bdcc_vertex_ai_bucket/images/228bd7d887fe9718.jpg,Crab
training,gs://bdcc_vertex_ai_bucket/images/22d7ce3c20a9116c.jpg,Crab
training,gs://bdcc_vertex_ai_bucket/images/269b5287eb28f70d.jpg,Crab
training,gs://bdcc_vertex_ai_bucket/images/26bab82911620b39.jpg,Crab
training,gs://bdcc_vertex_ai_bucket/images/29456252a4942bbf.jpg,Crab
training,gs://bdcc_vertex_ai_bucket/images/295d1b3484f47d8f.jpg,Crab
training,gs://bdcc_vertex_ai_bucket/images/29a806aadc8dcd50.jpg,Crab
training,gs://bdcc_vertex_ai_bucket/images/2a1408b9adb98b24.jpg,Crab
training,gs://bdcc_vertex_ai_bucket/images/2a3ce35e229d149f.jpg,Crab
training,gs://bdcc_vertex_ai_bucket/images/2a5522a55bb3ba5e.jpg,Crab
training,gs://bdcc_vertex_ai_bucket/images/2d6393035c7de0c1.jpg,Crab
training,gs://bdcc_vertex_ai_bucket/images/2e9c00e0d14cdf45.jpg,Crab
training,gs://bdcc_vertex_ai_bucket/images/31fa556cdeae9fb9.jpg,Crab
training,gs://bdcc_vertex_ai_bucket/images/377d07428b236150.jpg,Crab
training,gs://bdcc_vertex_ai_bucket/images/3b323ba9ea445baf.jpg,Crab
training,gs://bdcc_vertex_ai_bucket/images/3ce8691b2ff5a2b7.jpg,Crab
training,gs://bdcc_vertex_ai_bucket/images/3d9600ff12df0936.jpg,Crab
training,gs://bdcc_vertex_ai_bucket/images/3e148490301a23ef.jpg,Crab
training,gs://bdcc_vertex_ai_bucket/images/444f2282b717a557.jpg,Crab
training,gs://bdcc_vertex_ai_bucket/images/46e5b20791514ec6.jpg,Crab
training,gs://bdcc_vertex_ai_bucket/images/4b1393429e2d3135.jpg,Crab
training,gs://bdcc_vertex_ai_bucket/images/4b87cec5208981b3.jpg,Crab
training,gs://bdcc_vertex_ai_bucket/images/4dd50c8ac44fb0d9.jpg,Crab
training,gs://bdcc_vertex_ai_bucket/images/511d41fdf081f04c.jpg,Crab
training,gs://bdcc_vertex_ai_bucket/images/527100fa7b185315.jpg,Crab
training,gs://bdcc_vertex_ai_bucket/images/52736c002f86bf15.jpg,Crab
training,gs://bdcc_vertex_ai_bucket/images/53c0b637464125b1.jpg,Crab
training,gs://bdcc_vertex_ai_bucket/images/567b97380728207a.jpg,Crab
training,gs://bdcc_vertex_ai_bucket/images/580995a742f4655c.jpg,Crab
training,gs://bdcc_vertex_ai_bucket/images/58cced7880690146.jpg,Crab
training,gs://bdcc_vertex_ai_bucket/images/59052de944ecd608.jpg,Crab
training,gs://bdcc_vertex_ai_bucket/images/592a08cc954ca059.jpg,Crab
training,gs://bdcc_vertex_ai_bucket/images/599e7ee97b601344.jpg,Crab
training,gs://bdcc_vertex_ai_bucket/images/5bd45db2489e9f67.jpg,Crab
training,gs://bdcc_vertex_ai_bucket/images/5bf697a582f112a1.jpg,Crab
training,gs://bdcc_vertex_ai_bucket/images/5d2ba09aa343d1ba.jpg,Crab
training,gs://bdcc_vertex_ai_bucket/images/6436154e7a5545fc.jpg,Crab
training,gs://bdcc_vertex_ai_bucket/images/665433fff0d2b278.jpg,Crab
training,gs://bdcc_vertex_ai_bucket/images/6745219ce4ffd547.jpg,Crab
training,gs://bdcc_vertex_ai_bucket/images/67a0819056e9d806.jpg,Crab
training,gs://bdcc_vertex_ai_bucket/images/686fe84c10b954e0.jpg,Crab
training,gs://bdcc_vertex_ai_bucket/images/6b7d1a48d1b4f80d.jpg,Crab
training,gs://bdcc_vertex_ai_bucket/images/6c9d88a6ecfdc0d0.jpg,Crab
training,gs://bdcc_vertex_ai_bucket/images/6f0fec871b80afc1.jpg,Crab
training,gs://bdcc_vertex_ai_bucket/images/6f91b4b3ff52d592.jpg,Crab
training,gs://bdcc_vertex_ai_bucket/images/741b570ea3e0922e.jpg,Crab
training,gs://bdcc_vertex_ai_bucket/images/747772d5af807f4a.jpg,Crab
training,gs://bdcc_vertex_ai_bucket/images/79cc5a61643c9664.jpg,Crab
training,gs://bdcc_vertex_ai_bucket/images/79d9fc2a616ca66f.jpg,Crab
training,gs://bdcc_vertex_ai_bucket/images/7d1949269499fc0c.jpg,Crab
training,gs://bdcc_vertex_ai_bucket/images/7f609381d8a2813d.jpg,Crab
training,gs://bdcc_vertex_ai_bucket/images/864c29f99baee6d6.jpg,Crab
training,gs://bdcc_vertex_ai_bucket/images/8773f08371455230.jpg,Crab
training,gs://bdcc_vertex_ai_bucket/images/887de4565ed1d4d7.jpg,Crab
training,gs://bdcc_vertex_ai_bucket/images/8a94618ceb95e743.jpg,Crab
training,gs://bdcc_vertex_ai_bucket/images/8cc4c6c3648bf7fb.jpg,Crab
training,gs://bdcc_vertex_ai_bucket/images/8d2fbf51dbb751fa.jpg,Crab
training,gs://bdcc_vertex_ai_bucket/images/8f8942613ba80c45.jpg,Crab
training,gs://bdcc_vertex_ai_bucket/images/8fb6e9d337ba576c.jpg,Crab
training,gs://bdcc_vertex_ai_bucket/images/8fdff8f89df33d05.jpg,Crab
validation,gs://bdcc_vertex_ai_bucket/images/91d9d25aadcf9526.jpg,Crab
validation,gs://bdcc_vertex_ai_bucket/images/933a3a8d015a249c.jpg,Crab
validation,gs://bdcc_vertex_ai_bucket/images/936ce8a082bb5d03.jpg,Crab
validation,gs://bdcc_vertex_ai_bucket/images/93e2c69c814dfc2c.jpg,Crab
validation,gs://bdcc_vertex_ai_bucket/images/943ee02ff0f16020.jpg,Crab
validation,gs://bdcc_vertex_ai_bucket/images/94969214f8c7a869.jpg,Crab
validation,gs://bdcc_vertex_ai_bucket/images/95ae6845318b00be.jpg,Crab
validation,gs://bdcc_vertex_ai_bucket/images/96219004242cdba1.jpg,Crab
validation,gs://bdcc_vertex_ai_bucket/images/971decdde77064ea.jpg,Crab
validation,gs://bdcc_vertex_ai_bucket/images/9ab73d9f1109731e.jpg,Crab
test,gs://bdcc_vertex_ai_bucket/images/9b9d303b34eb4759.jpg,Crab
test,gs://bdcc_vertex_ai_bucket/images/9bc4a0b8b2046ded.jpg,Crab
test,gs://bdcc_vertex_ai_bucket/images/9c24a9fed8b8ff58.jpg,Crab
test,gs://bdcc_vertex_ai_bucket/images/9c6fc3a724176823.jpg,Crab
test,gs://bdcc_vertex_ai_bucket/images/9decd2bc4c7e76ba.jpg,Crab
test,gs://bdcc_vertex_ai_bucket/images/a10b3bedb711ec35.jpg,Crab
test,gs://bdcc_vertex_ai_bucket/images/a15920b381149649.jpg,Crab
test,gs://bdcc_vertex_ai_bucket/images/a23d129ed40880c5.jpg,Crab
test,gs://bdcc_vertex_ai_bucket/images/a3b79dbeb2f719e9.jpg,Crab
test,gs://bdcc_vertex_ai_bucket/images/a84857518d62229b.jpg,Crab
training,gs://bdcc_vertex_ai_bucket/images/0012a7cf33c6f427.jpg,Deer
training,gs://bdcc_vertex_ai_bucket/images/01f4cc5cfa62d24b.jpg,Deer
training,gs://bdcc_vertex_ai_bucket/images/01f716abef7d48d8.jpg,Deer
training,gs://bdcc_vertex_ai_bucket/images/0285b398989179c8.jpg,Deer
training,gs://bdcc_vertex_ai_bucket/images/028a54e267896f86.jpg,Deer
training,gs://bdcc_vertex_ai_bucket/images/034aead27997f437.jpg,Deer
training,gs://bdcc_vertex_ai_bucket/images/038ee0d33098df37.jpg,Deer
training,gs://bdcc_vertex_ai_bucket/images/04df0fefa8c5cb8e.jpg,Deer
training,gs://bdcc_vertex_ai_bucket/images/06b9676c4cd5f96b.jpg,Deer
training,gs://bdcc_vertex_ai_bucket/images/074bf712403f979a.jpg,Deer
training,gs://bdcc_vertex_ai_bucket/images/0750aa13589cc582.jpg,Deer
training,gs://bdcc_vertex_ai_bucket/images/08d4cd01e1b143b0.jpg,Deer
training,gs://bdcc_vertex_ai_bucket/images/0a21d120f742b1b9.jpg,Deer
training,gs://bdcc_vertex_ai_bucket/images/0aca09fcae7d6e3a.jpg,Deer
training,gs://bdcc_vertex_ai_bucket/images/0bd02d42723adee8.jpg,Deer
training,gs://bdcc_vertex_ai_bucket/images/0e283f5098587c37.jpg,Deer
training,gs://bdcc_vertex_ai_bucket/images/0e3f0b59d2923062.jpg,Deer
training,gs://bdcc_vertex_ai_bucket/images/0f518c3f48d1d87d.jpg,Deer
training,gs://bdcc_vertex_ai_bucket/images/1010bb022e9aab9f.jpg,Deer
training,gs://bdcc_vertex_ai_bucket/images/1283d6e75bfd105c.jpg,Deer
training,gs://bdcc_vertex_ai_bucket/images/12a9209cfc98dfcb.jpg,Deer
training,gs://bdcc_vertex_ai_bucket/images/12e362a481f36ae8.jpg,Deer
training,gs://bdcc_vertex_ai_bucket/images/12eb63614ce289c8.jpg,Deer
training,gs://bdcc_vertex_ai_bucket/images/13226f111302a199.jpg,Deer
training,gs://bdcc_vertex_ai_bucket/images/13a20ad01d6fe88a.jpg,Deer
training,gs://bdcc_vertex_ai_bucket/images/1441a635238b3508.jpg,Deer
training,gs://bdcc_vertex_ai_bucket/images/16a47ce33f379f2b.jpg,Deer
training,gs://bdcc_vertex_ai_bucket/images/16df600fbffffaf5.jpg,Deer
training,gs://bdcc_vertex_ai_bucket/images/1732c35c867514a3.jpg,Deer
training,gs://bdcc_vertex_ai_bucket/images/180b2e9e339d9ea5.jpg,Deer
training,gs://bdcc_vertex_ai_bucket/images/181a0ee39a0c9a78.jpg,Deer
training,gs://bdcc_vertex_ai_bucket/images/1cc979c995724738.jpg,Deer
training,gs://bdcc_vertex_ai_bucket/images/1cf88c1fe98d9876.jpg,Deer
training,gs://bdcc_vertex_ai_bucket/images/1efde74ff07fbbc7.jpg,Deer
training,gs://bdcc_vertex_ai_bucket/images/1f474b443ec7e1e2.jpg,Deer
training,gs://bdcc_vertex_ai_bucket/images/2023dccbd068364b.jpg,Deer
training,gs://bdcc_vertex_ai_bucket/images/22cfc26b35c5a7f0.jpg,Deer
training,gs://bdcc_vertex_ai_bucket/images/243c050445de9211.jpg,Deer
training,gs://bdcc_vertex_ai_bucket/images/2455b8585d5bf0d9.jpg,Deer
training,gs://bdcc_vertex_ai_bucket/images/25255877f6414d18.jpg,Deer
training,gs://bdcc_vertex_ai_bucket/images/2732237e2db1b12e.jpg,Deer
training,gs://bdcc_vertex_ai_bucket/images/27bc815ec5d0fdcd.jpg,Deer
training,gs://bdcc_vertex_ai_bucket/images/27f82f25862fc893.jpg,Deer
training,gs://bdcc_vertex_ai_bucket/images/2a43729d236705a9.jpg,Deer
training,gs://bdcc_vertex_ai_bucket/images/2ae5575f39119c7d.jpg,Deer
training,gs://bdcc_vertex_ai_bucket/images/2b4b9c13aa0667f3.jpg,Deer
training,gs://bdcc_vertex_ai_bucket/images/2c57bb5bd4bc9a94.jpg,Deer
training,gs://bdcc_vertex_ai_bucket/images/2c7111fb07c12cdd.jpg,Deer
training,gs://bdcc_vertex_ai_bucket/images/2ca535b72d95a2a0.jpg,Deer
training,gs://bdcc_vertex_ai_bucket/images/2cfa96e7470090d2.jpg,Deer
training,gs://bdcc_vertex_ai_bucket/images/31931b6dd2df4674.jpg,Deer
training,gs://bdcc_vertex_ai_bucket/images/31b0f5a1250b0125.jpg,Deer
training,gs://bdcc_vertex_ai_bucket/images/31d2f5f31a8437d8.jpg,Deer
training,gs://bdcc_vertex_ai_bucket/images/32d702245b1a55bf.jpg,Deer
training,gs://bdcc_vertex_ai_bucket/images/32e4ec9c68804437.jpg,Deer
training,gs://bdcc_vertex_ai_bucket/images/33170329293996cd.jpg,Deer
training,gs://bdcc_vertex_ai_bucket/images/336702fb2c1cae40.jpg,Deer
training,gs://bdcc_vertex_ai_bucket/images/337493e0c3c50851.jpg,Deer
training,gs://bdcc_vertex_ai_bucket/images/35237ed36377a07c.jpg,Deer
training,gs://bdcc_vertex_ai_bucket/images/3642693b01ec44ac.jpg,Deer
training,gs://bdcc_vertex_ai_bucket/images/36d5bfaa959605f9.jpg,Deer
training,gs://bdcc_vertex_ai_bucket/images/36dd17cc2ed734da.jpg,Deer
training,gs://bdcc_vertex_ai_bucket/images/3706a744a92e1951.jpg,Deer
training,gs://bdcc_vertex_ai_bucket/images/3792f6b8e2404f21.jpg,Deer
training,gs://bdcc_vertex_ai_bucket/images/37a50d548ba9fd34.jpg,Deer
training,gs://bdcc_vertex_ai_bucket/images/37c12f23d4c2e39e.jpg,Deer
training,gs://bdcc_vertex_ai_bucket/images/384c86c0147ceeb2.jpg,Deer
training,gs://bdcc_vertex_ai_bucket/images/38d05edc4179d939.jpg,Deer
training,gs://bdcc_vertex_ai_bucket/images/392dd1a23ae5e647.jpg,Deer
training,gs://bdcc_vertex_ai_bucket/images/3a8c775146aa69d2.jpg,Deer
training,gs://bdcc_vertex_ai_bucket/images/3ba82ffbfae577a2.jpg,Deer
training,gs://bdcc_vertex_ai_bucket/images/3bac090cc477cf74.jpg,Deer
training,gs://bdcc_vertex_ai_bucket/images/3df97fcb497b94c1.jpg,Deer
training,gs://bdcc_vertex_ai_bucket/images/3ee762433e1b04c7.jpg,Deer
training,gs://bdcc_vertex_ai_bucket/images/3f02ecf7bd884f07.jpg,Deer
training,gs://bdcc_vertex_ai_bucket/images/43bfef2d2f3e7b33.jpg,Deer
training,gs://bdcc_vertex_ai_bucket/images/4421a437a7769e1c.jpg,Deer
training,gs://bdcc_vertex_ai_bucket/images/442bb854d61592a7.jpg,Deer
training,gs://bdcc_vertex_ai_bucket/images/45af348489267d1a.jpg,Deer
training,gs://bdcc_vertex_ai_bucket/images/47eca01fec38cd9a.jpg,Deer
validation,gs://bdcc_vertex_ai_bucket/images/48cf0a097ce330dc.jpg,Deer
validation,gs://bdcc_vertex_ai_bucket/images/4901de647a9edcc6.jpg,Deer
validation,gs://bdcc_vertex_ai_bucket/images/4908c03eabfb5a87.jpg,Deer
validation,gs://bdcc_vertex_ai_bucket/images/4955a59208c2ff11.jpg,Deer
validation,gs://bdcc_vertex_ai_bucket/images/498ec7d07f110bec.jpg,Deer
validation,gs://bdcc_vertex_ai_bucket/images/4a51f8dd244cd303.jpg,Deer
validation,gs://bdcc_vertex_ai_bucket/images/4a6f6fab3d4bc3f7.jpg,Deer
validation,gs://bdcc_vertex_ai_bucket/images/4c71effe6d86dbaa.jpg,Deer
validation,gs://bdcc_vertex_ai_bucket/images/4d3aa7c1cd37b885.jpg,Deer
validation,gs://bdcc_vertex_ai_bucket/images/4d9cc067a8cac70d.jpg,Deer
test,gs://bdcc_vertex_ai_bucket/images/4d9d873f1d080e6a.jpg,Deer
test,gs://bdcc_vertex_ai_bucket/images/4ff9f0b5f553f590.jpg,Deer
test,gs://bdcc_vertex_ai_bucket/images/5220f7ffae6c515f.jpg,Deer
test,gs://bdcc_vertex_ai_bucket/images/5225b32b33050be6.jpg,Deer
test,gs://bdcc_vertex_ai_bucket/images/52836f3905272c29.jpg,Deer
test,gs://bdcc_vertex_ai_bucket/images/5380ce046e3619b4.jpg,Deer
test,gs://bdcc_vertex_ai_bucket/images/54fd0a4958cbc9f8.jpg,Deer
test,gs://bdcc_vertex_ai_bucket/images/55918c58dcb8cd1b.jpg,Deer
test,gs://bdcc_vertex_ai_bucket/images/55c0670af563f64a.jpg,Deer
test,gs://bdcc_vertex_ai_bucket/images/562041e1bc3954e2.jpg,Deer
training,gs://bdcc_vertex_ai_bucket/images/0187938d277188fa.jpg,Eagle
training,gs://bdcc_vertex_ai_bucket/images/01f1d734b28b951c.jpg,Eagle
training,gs://bdcc_vertex_ai_bucket/images/03715c7dd19b1f36.jpg,Eagle
training,gs://bdcc_vertex_ai_bucket/images/0522fa267f284165.jpg,Eagle
training,gs://bdcc_vertex_ai_bucket/images/0620fe4c9e29ab20.jpg,Eagle
training,gs://bdcc_vertex_ai_bucket/images/06bcc09321656cc5.jpg,Eagle
training,gs://bdcc_vertex_ai_bucket/images/07301815c8038143.jpg,Eagle
training,gs://bdcc_vertex_ai_bucket/images/0865f1777c74161e.jpg,Eagle
training,gs://bdcc_vertex_ai_bucket/images/092d1ec0225476ee.jpg,Eagle
training,gs://bdcc_vertex_ai_bucket/images/0930345451d77e60.jpg,Eagle
training,gs://bdcc_vertex_ai_bucket/images/093a4861abe6e023.jpg,Eagle
training,gs://bdcc_vertex_ai_bucket/images/09e88e4d977e1329.jpg,Eagle
training,gs://bdcc_vertex_ai_bucket/images/0b24ae3baf6ac907.jpg,Eagle
training,gs://bdcc_vertex_ai_bucket/images/0b7d043822c6db85.jpg,Eagle
training,gs://bdcc_vertex_ai_bucket/images/0dd94901ce5c65e0.jpg,Eagle
training,gs://bdcc_vertex_ai_bucket/images/0f4e511fc23b18ff.jpg,Eagle
training,gs://bdcc_vertex_ai_bucket/images/1158e85e58b879d2.jpg,Eagle
training,gs://bdcc_vertex_ai_bucket/images/117cdc8826c6fb7a.jpg,Eagle
training,gs://bdcc_vertex_ai_bucket/images/15f31225779efbe6.jpg,Eagle
training,gs://bdcc_vertex_ai_bucket/images/16a69e54ed68316d.jpg,Eagle
training,gs://bdcc_vertex_ai_bucket/images/16ee7fc11080938d.jpg,Eagle
training,gs://bdcc_vertex_ai_bucket/images/18f2af57c9d05ddc.jpg,Eagle
training,gs://bdcc_vertex_ai_bucket/images/19b9be1b6e3b543a.jpg,Eagle
training,gs://bdcc_vertex_ai_bucket/images/1c3d194bcefc15ed.jpg,Eagle
training,gs://bdcc_vertex_ai_bucket/images/1e07548d6a2038fb.jpg,Eagle
training,gs://bdcc_vertex_ai_bucket/images/215868acb93c400e.jpg,Eagle
training,gs://bdcc_vertex_ai_bucket/images/231a05c0ba762467.jpg,Eagle
training,gs://bdcc_vertex_ai_bucket/images/25880c4f38d01747.jpg,Eagle
training,gs://bdcc_vertex_ai_bucket/images/25e466b8dca5dddf.jpg,Eagle
training,gs://bdcc_vertex_ai_bucket/images/267495119381bce3.jpg,Eagle
training,gs://bdcc_vertex_ai_bucket/images/26c601dec2500ad6.jpg,Eagle
training,gs://bdcc_vertex_ai_bucket/images/26d6c3b1c6a9dc4c.jpg,Eagle
training,gs://bdcc_vertex_ai_bucket/images/26fe4763d054a29c.jpg,Eagle
training,gs://bdcc_vertex_ai_bucket/images/28fdb361d4d51701.jpg,Eagle
training,gs://bdcc_vertex_ai_bucket/images/2950f99b1e31dc84.jpg,Eagle
training,gs://bdcc_vertex_ai_bucket/images/29962ff9be724997.jpg,Eagle
training,gs://bdcc_vertex_ai_bucket/images/29f06bd18afbcfa5.jpg,Eagle
training,gs://bdcc_vertex_ai_bucket/images/2a58811c3075544d.jpg,Eagle
training,gs://bdcc_vertex_ai_bucket/images/2b4d16e4ea02e35d.jpg,Eagle
training,gs://bdcc_vertex_ai_bucket/images/2b4fe90ce66aa772.jpg,Eagle
training,gs://bdcc_vertex_ai_bucket/images/2b9145475b5819fd.jpg,Eagle
training,gs://bdcc_vertex_ai_bucket/images/2b992f806c387624.jpg,Eagle
training,gs://bdcc_vertex_ai_bucket/images/2d2c6f3a116786c0.jpg,Eagle
training,gs://bdcc_vertex_ai_bucket/images/2ecd724394c7899c.jpg,Eagle
training,gs://bdcc_vertex_ai_bucket/images/31cd8eb5f8a79931.jpg,Eagle
training,gs://bdcc_vertex_ai_bucket/images/3721d8953ffec09d.jpg,Eagle
training,gs://bdcc_vertex_ai_bucket/images/37510ffe72539c23.jpg,Eagle
training,gs://bdcc_vertex_ai_bucket/images/37ba13f66c1bcfd7.jpg,Eagle
training,gs://bdcc_vertex_ai_bucket/images/384c32a640272513.jpg,Eagle
training,gs://bdcc_vertex_ai_bucket/images/38caa15a15dd11e7.jpg,Eagle
training,gs://bdcc_vertex_ai_bucket/images/3c47a23eb4113f52.jpg,Eagle
training,gs://bdcc_vertex_ai_bucket/images/3c91b618df8704be.jpg,Eagle
training,gs://bdcc_vertex_ai_bucket/images/3d9192fbe0bf8b9a.jpg,Eagle
training,gs://bdcc_vertex_ai_bucket/images/3d9e709fca8ae47f.jpg,Eagle
training,gs://bdcc_vertex_ai_bucket/images/3ee982bd4bdf62c2.jpg,Eagle
training,gs://bdcc_vertex_ai_bucket/images/3f30e50000f2b948.jpg,Eagle
training,gs://bdcc_vertex_ai_bucket/images/3fea8afa22b2ab18.jpg,Eagle
training,gs://bdcc_vertex_ai_bucket/images/3ff1795c3db0f538.jpg,Eagle
training,gs://bdcc_vertex_ai_bucket/images/41527b065897a6a9.jpg,Eagle
training,gs://bdcc_vertex_ai_bucket/images/415b5f3658be41e5.jpg,Eagle
training,gs://bdcc_vertex_ai_bucket/images/4320c932293594d7.jpg,Eagle
training,gs://bdcc_vertex_ai_bucket/images/43b24afebd40efa3.jpg,Eagle
training,gs://bdcc_vertex_ai_bucket/images/441e93465cee4392.jpg,Eagle
training,gs://bdcc_vertex_ai_bucket/images/44b60609231a929b.jpg,Eagle
training,gs://bdcc_vertex_ai_bucket/images/44e30de74ada07a4.jpg,Eagle
training,gs://bdcc_vertex_ai_bucket/images/47369e7a1cf0b099.jpg,Eagle
training,gs://bdcc_vertex_ai_bucket/images/4760d47dbcd19989.jpg,Eagle
training,gs://bdcc_vertex_ai_bucket/images/48b65d74573eef74.jpg,Eagle
training,gs://bdcc_vertex_ai_bucket/images/496e308ec9fca105.jpg,Eagle
training,gs://bdcc_vertex_ai_bucket/images/4d4c77e1bdaec0ad.jpg,Eagle
training,gs://bdcc_vertex_ai_bucket/images/4da76d1e63381601.jpg,Eagle
training,gs://bdcc_vertex_ai_bucket/images/5000ad88b14e31ae.jpg,Eagle
training,gs://bdcc_vertex_ai_bucket/images/51534b4fba8ddec5.jpg,Eagle
training,gs://bdcc_vertex_ai_bucket/images/51ded978b3d09be1.jpg,Eagle
training,gs://bdcc_vertex_ai_bucket/images/531a01c57573d6b9.jpg,Eagle
training,gs://bdcc_vertex_ai_bucket/images/5503cd6a39df1da6.jpg,Eagle
training,gs://bdcc_vertex_ai_bucket/images/586280f79c236007.jpg,Eagle
training,gs://bdcc_vertex_ai_bucket/images/5949fb3499bfc24f.jpg,Eagle
training,gs://bdcc_vertex_ai_bucket/images/5b15bbbbe0594fa9.jpg,Eagle
training,gs://bdcc_vertex_ai_bucket/images/5dab7cbee95c5695.jpg,Eagle
validation,gs://bdcc_vertex_ai_bucket/images/5dabd9617d38b92e.jpg,Eagle
validation,gs://bdcc_vertex_ai_bucket/images/626afde82efd5d24.jpg,Eagle
validation,gs://bdcc_vertex_ai_bucket/images/6283f13f9c32994e.jpg,Eagle
validation,gs://bdcc_vertex_ai_bucket/images/63b73543f6d6a23b.jpg,Eagle
validation,gs://bdcc_vertex_ai_bucket/images/650f322092461837.jpg,Eagle
validation,gs://bdcc_vertex_ai_bucket/images/6b2ddec5eaacfdb7.jpg,Eagle
validation,gs://bdcc_vertex_ai_bucket/images/6f66217f8ffdbeea.jpg,Eagle
validation,gs://bdcc_vertex_ai_bucket/images/6f7e8835e76f7fda.jpg,Eagle
validation,gs://bdcc_vertex_ai_bucket/images/70076e640ca95ef5.jpg,Eagle
validation,gs://bdcc_vertex_ai_bucket/images/70470f22b97eb2a0.jpg,Eagle
test,gs://bdcc_vertex_ai_bucket/images/706214bbe9143ccc.jpg,Eagle
test,gs://bdcc_vertex_ai_bucket/images/7134e5f58928f074.jpg,Eagle
test,gs://bdcc_vertex_ai_bucket/images/7263c5cdb70492b4.jpg,Eagle
test,gs://bdcc_vertex_ai_bucket/images/738f7976aad78b43.jpg,Eagle
test,gs://bdcc_vertex_ai_bucket/images/742e52216d449adf.jpg,Eagle
test,gs://bdcc_vertex_ai_bucket/images/76b3ed7fe4812eec.jpg,Eagle
test,gs://bdcc_vertex_ai_bucket/images/78e1d763746e5d6d.jpg,Eagle
test,gs://bdcc_vertex_ai_bucket/images/7967f24f32f144f7.jpg,Eagle
test,gs://bdcc_vertex_ai_bucket/images/79f434347eb19156.jpg,Eagle
test,gs://bdcc_vertex_ai_bucket/images/7ead8a05548b7dd8.jpg,Eagle
training,gs://bdcc_vertex_ai_bucket/images/0142d1fc46883a7b.jpg,Goose
training,gs://bdcc_vertex_ai_bucket/images/01fdd867ec430d2b.jpg,Goose
training,gs://bdcc_vertex_ai_bucket/images/02b336d12bc20674.jpg,Goose
training,gs://bdcc_vertex_ai_bucket/images/033a2d3f9eac6188.jpg,Goose
training,gs://bdcc_vertex_ai_bucket/images/051d7ef8b9480b4f.jpg,Goose
training,gs://bdcc_vertex_ai_bucket/images/06013e67500670fb.jpg,Goose
training,gs://bdcc_vertex_ai_bucket/images/086cd2c05b9b7b3f.jpg,Goose
training,gs://bdcc_vertex_ai_bucket/images/0f2a8089b4611dfd.jpg,Goose
training,gs://bdcc_vertex_ai_bucket/images/10894df53c0511c5.jpg,Goose
training,gs://bdcc_vertex_ai_bucket/images/11126aa5d8c1021a.jpg,Goose
training,gs://bdcc_vertex_ai_bucket/images/119d707a575b7721.jpg,Goose
training,gs://bdcc_vertex_ai_bucket/images/12354d7c2e6dcf4b.jpg,Goose
training,gs://bdcc_vertex_ai_bucket/images/135207e3613e7b55.jpg,Goose
training,gs://bdcc_vertex_ai_bucket/images/14d3556c1249439d.jpg,Goose
training,gs://bdcc_vertex_ai_bucket/images/163f4be05a5815e4.jpg,Goose
training,gs://bdcc_vertex_ai_bucket/images/175d58a18a0bd278.jpg,Goose
training,gs://bdcc_vertex_ai_bucket/images/19e26aee9ea93c39.jpg,Goose
training,gs://bdcc_vertex_ai_bucket/images/1c3a9c074c042ba6.jpg,Goose
training,gs://bdcc_vertex_ai_bucket/images/204e836352f960f4.jpg,Goose
training,gs://bdcc_vertex_ai_bucket/images/207b4ea6c3c2f259.jpg,Goose
training,gs://bdcc_vertex_ai_bucket/images/22f324973b904ee9.jpg,Goose
training,gs://bdcc_vertex_ai_bucket/images/2ae4caa772dfd6db.jpg,Goose
training,gs://bdcc_vertex_ai_bucket/images/2b2ebcdecca94de1.jpg,Goose
training,gs://bdcc_vertex_ai_bucket/images/2c7cee4d9b67df03.jpg,Goose
training,gs://bdcc_vertex_ai_bucket/images/2d04149c7868f90f.jpg,Goose
training,gs://bdcc_vertex_ai_bucket/images/2d23fba3f4a9074b.jpg,Goose
training,gs://bdcc_vertex_ai_bucket/images/2dedcd08061f3061.jpg,Goose
training,gs://bdcc_vertex_ai_bucket/images/300b0b370a01c498.jpg,Goose
training,gs://bdcc_vertex_ai_bucket/images/302cd87f9ddb2bfb.jpg,Goose
training,gs://bdcc_vertex_ai_bucket/images/310275a7da893e8c.jpg,Goose
training,gs://bdcc_vertex_ai_bucket/images/318b0d16c233f163.jpg,Goose
training,gs://bdcc_vertex_ai_bucket/images/36b3c15a58867d34.jpg,Goose
training,gs://bdcc_vertex_ai_bucket/images/3921bad9d5648af5.jpg,Goose
training,gs://bdcc_vertex_ai_bucket/images/3d45d946dab9e1b7.jpg,Goose
training,gs://bdcc_vertex_ai_bucket/images/3df749836e00ec37.jpg,Goose
training,gs://bdcc_vertex_ai_bucket/images/3eaf885ee61c3999.jpg,Goose
training,gs://bdcc_vertex_ai_bucket/images/4217c9322b9285e3.jpg,Goose
training,gs://bdcc_vertex_ai_bucket/images/45a7bf0f4553dfb3.jpg,Goose
training,gs://bdcc_vertex_ai_bucket/images/45b2de3f61492407.jpg,Goose
training,gs://bdcc_vertex_ai_bucket/images/48ada8cf040515e3.jpg,Goose
training,gs://bdcc_vertex_ai_bucket/images/49770a400ec6c9c9.jpg,Goose
training,gs://bdcc_vertex_ai_bucket/images/4a5dcb0c33efff21.jpg,Goose
training,gs://bdcc_vertex_ai_bucket/images/4b7930be55d5b30e.jpg,Goose
training,gs://bdcc_vertex_ai_bucket/images/4d78b5115ff51d5a.jpg,Goose
training,gs://bdcc_vertex_ai_bucket/images/4de1246fab9f9431.jpg,Goose
training,gs://bdcc_vertex_ai_bucket/images/4dfc4dd7f5692b46.jpg,Goose
training,gs://bdcc_vertex_ai_bucket/images/4f61ad9e5586a66e.jpg,Goose
training,gs://bdcc_vertex_ai_bucket/images/54b37811bb5e40ad.jpg,Goose
training,gs://bdcc_vertex_ai_bucket/images/5c3b9e45e865f388.jpg,Goose
training,gs://bdcc_vertex_ai_bucket/images/5cbdaae359638d87.jpg,Goose
training,gs://bdcc_vertex_ai_bucket/images/5ee61ba00cc30490.jpg,Goose
training,gs://bdcc_vertex_ai_bucket/images/5f5eb0f2ef404bea.jpg,Goose
training,gs://bdcc_vertex_ai_bucket/images/619f3c085189aa88.jpg,Goose
training,gs://bdcc_vertex_ai_bucket/images/61cb107fdf8f63e0.jpg,Goose
training,gs://bdcc_vertex_ai_bucket/images/64e48b07e9a2add5.jpg,Goose
training,gs://bdcc_vertex_ai_bucket/images/65e297831c751675.jpg,Goose
training,gs://bdcc_vertex_ai_bucket/images/66f12bfc93bb8738.jpg,Goose
training,gs://bdcc_vertex_ai_bucket/images/679a5e597d44671f.jpg,Goose
training,gs://bdcc_vertex_ai_bucket/images/6905e899329b6088.jpg,Goose
training,gs://bdcc_vertex_ai_bucket/images/695370cebf894d9c.jpg,Goose
training,gs://bdcc_vertex_ai_bucket/images/6c403fe46bccb17e.jpg,Goose
training,gs://bdcc_vertex_ai_bucket/images/6cdc010aa9c2624d.jpg,Goose
training,gs://bdcc_vertex_ai_bucket/images/6d5673f9955d274d.jpg,Goose
training,gs://bdcc_vertex_ai_bucket/images/71eb5552456c9942.jpg,Goose
training,gs://bdcc_vertex_ai_bucket/images/7268e678c9efab8b.jpg,Goose
training,gs://bdcc_vertex_ai_bucket/images/77342c4f2ac0f91b.jpg,Goose
training,gs://bdcc_vertex_ai_bucket/images/77978e66332508e4.jpg,Goose
training,gs://bdcc_vertex_ai_bucket/images/7846c34dc0564b10.jpg,Goose
training,gs://bdcc_vertex_ai_bucket/images/7a2807474d4d4f4f.jpg,Goose
training,gs://bdcc_vertex_ai_bucket/images/7e8761a98af1c3be.jpg,Goose
training,gs://bdcc_vertex_ai_bucket/images/7ea6dc3b44dc9a66.jpg,Goose
training,gs://bdcc_vertex_ai_bucket/images/80a7d9f11e4cb8d1.jpg,Goose
training,gs://bdcc_vertex_ai_bucket/images/87680f2be10f1729.jpg,Goose
training,gs://bdcc_vertex_ai_bucket/images/8791722501d91f5f.jpg,Goose
training,gs://bdcc_vertex_ai_bucket/images/884821b7de7e5689.jpg,Goose
training,gs://bdcc_vertex_ai_bucket/images/8865694899bc5737.jpg,Goose
training,gs://bdcc_vertex_ai_bucket/images/88b37f42153f6502.jpg,Goose
training,gs://bdcc_vertex_ai_bucket/images/895dbfa06f80d04b.jpg,Goose
training,gs://bdcc_vertex_ai_bucket/images/8c34199588023f39.jpg,Goose
training,gs://bdcc_vertex_ai_bucket/images/8c9b3a301f8b5d42.jpg,Goose
validation,gs://bdcc_vertex_ai_bucket/images/8f65f806d22d2229.jpg,Goose
validation,gs://bdcc_vertex_ai_bucket/images/8f70ee9ebc91fad6.jpg,Goose
validation,gs://bdcc_vertex_ai_bucket/images/9006b8c3c0ef6c17.jpg,Goose
validation,gs://bdcc_vertex_ai_bucket/images/90878cabafcac286.jpg,Goose
validation,gs://bdcc_vertex_ai_bucket/images/90988bc54d845592.jpg,Goose
validation,gs://bdcc_vertex_ai_bucket/images/9113a2b82bb8382f.jpg,Goose
validation,gs://bdcc_vertex_ai_bucket/images/92a29bc71975c107.jpg,Goose
validation,gs://bdcc_vertex_ai_bucket/images/931ef9223bface40.jpg,Goose
validation,gs://bdcc_vertex_ai_bucket/images/9800d0700da8ac65.jpg,Goose
validation,gs://bdcc_vertex_ai_bucket/images/9854cceb3c52c6de.jpg,Goose
test,gs://bdcc_vertex_ai_bucket/images/9856bd4e230ed3d8.jpg,Goose
test,gs://bdcc_vertex_ai_bucket/images/9a19e11a54922234.jpg,Goose
test,gs://bdcc_vertex_ai_bucket/images/9b937440dcea91aa.jpg,Goose
test,gs://bdcc_vertex_ai_bucket/images/a10b7c91b182c028.jpg,Goose
test,gs://bdcc_vertex_ai_bucket/images/a1c9575fbfe2a509.jpg,Goose
test,gs://bdcc_vertex_ai_bucket/images/a292025d2530ca80.jpg,Goose
test,gs://bdcc_vertex_ai_bucket/images/a341a7d8cb2c215b.jpg,Goose
test,gs://bdcc_vertex_ai_bucket/images/a3712deaa9cabf50.jpg,Goose
test,gs://bdcc_vertex_ai_bucket/images/a37bba5c343a7130.jpg,Goose
test,gs://bdcc_vertex_ai_bucket/images/a421bd70e3bc83b0.jpg,Goose
training,gs://bdcc_vertex_ai_bucket/images/002d966db9db634c.jpg,Horse
training,gs://bdcc_vertex_ai_bucket/images/00e789d671a484c6.jpg,Horse
training,gs://bdcc_vertex_ai_bucket/images/01097eaa96dcfb20.jpg,Horse
training,gs://bdcc_vertex_ai_bucket/images/014bcc2a3590db99.jpg,Horse
training,gs://bdcc_vertex_ai_bucket/images/0162ec19a2664049.jpg,Horse
training,gs://bdcc_vertex_ai_bucket/images/018d66fb024c0d25.jpg,Horse
training,gs://bdcc_vertex_ai_bucket/images/01a978c9a171c107.jpg,Horse
training,gs://bdcc_vertex_ai_bucket/images/025ec7dc8c2263b7.jpg,Horse
training,gs://bdcc_vertex_ai_bucket/images/02955a95a4785d44.jpg,Horse
training,gs://bdcc_vertex_ai_bucket/images/03504848e90a3706.jpg,Horse
training,gs://bdcc_vertex_ai_bucket/images/03726844adb2e67a.jpg,Horse
training,gs://bdcc_vertex_ai_bucket/images/041ad9ea598c47ad.jpg,Horse
training,gs://bdcc_vertex_ai_bucket/images/043cfbb97cf7d0ef.jpg,Horse
training,gs://bdcc_vertex_ai_bucket/images/049f7d67144f3e13.jpg,Horse
training,gs://bdcc_vertex_ai_bucket/images/04faa90729789d70.jpg,Horse
training,gs://bdcc_vertex_ai_bucket/images/05d9d537060881b6.jpg,Horse
training,gs://bdcc_vertex_ai_bucket/images/05f0aa43a4bdd395.jpg,Horse
training,gs://bdcc_vertex_ai_bucket/images/06bfb82021cba53e.jpg,Horse
training,gs://bdcc_vertex_ai_bucket/images/06c17b79bde56cd3.jpg,Horse
training,gs://bdcc_vertex_ai_bucket/images/06d79636ef2e7b27.jpg,Horse
training,gs://bdcc_vertex_ai_bucket/images/06e64210b31f477d.jpg,Horse
training,gs://bdcc_vertex_ai_bucket/images/070ff7a795140002.jpg,Horse
training,gs://bdcc_vertex_ai_bucket/images/07638773cfbe2ee1.jpg,Horse
training,gs://bdcc_vertex_ai_bucket/images/0783df765df73572.jpg,Horse
training,gs://bdcc_vertex_ai_bucket/images/08d3314312c69620.jpg,Horse
training,gs://bdcc_vertex_ai_bucket/images/091263fd8fb6becf.jpg,Horse
training,gs://bdcc_vertex_ai_bucket/images/0925c326e6ee75ed.jpg,Horse
training,gs://bdcc_vertex_ai_bucket/images/09af10ae61a4ef27.jpg,Horse
training,gs://bdcc_vertex_ai_bucket/images/0a49dd9c2fbc8e54.jpg,Horse
training,gs://bdcc_vertex_ai_bucket/images/0a8c7bbae99db4df.jpg,Horse
training,gs://bdcc_vertex_ai_bucket/images/0b17d5cb644ef36b.jpg,Horse
training,gs://bdcc_vertex_ai_bucket/images/0bb24c98e61ec7b2.jpg,Horse
training,gs://bdcc_vertex_ai_bucket/images/0bbe5d91c4b0c6c9.jpg,Horse
training,gs://bdcc_vertex_ai_bucket/images/0bd639cae82eb91c.jpg,Horse
training,gs://bdcc_vertex_ai_bucket/images/0c9ba0a6b300209d.jpg,Horse
training,gs://bdcc_vertex_ai_bucket/images/0ceacfd214ddb209.jpg,Horse
training,gs://bdcc_vertex_ai_bucket/images/0d300fd27bb32524.jpg,Horse
training,gs://bdcc_vertex_ai_bucket/images/0d41d737d89d7f3e.jpg,Horse
training,gs://bdcc_vertex_ai_bucket/images/0d511ce79ae7cd96.jpg,Horse
training,gs://bdcc_vertex_ai_bucket/images/0d98d0cea52c9f52.jpg,Horse
training,gs://bdcc_vertex_ai_bucket/images/0dc9c6b1a0d95c70.jpg,Horse
training,gs://bdcc_vertex_ai_bucket/images/0def43d0bd4744e3.jpg,Horse
training,gs://bdcc_vertex_ai_bucket/images/0df4980c1dccda78.jpg,Horse
training,gs://bdcc_vertex_ai_bucket/images/0e153b5bb0303fb4.jpg,Horse
training,gs://bdcc_vertex_ai_bucket/images/0ebe4a9c575a2c85.jpg,Horse
training,gs://bdcc_vertex_ai_bucket/images/0ee8ba563ee25959.jpg,Horse
training,gs://bdcc_vertex_ai_bucket/images/0f8c1cc24a2fb47b.jpg,Horse
training,gs://bdcc_vertex_ai_bucket/images/0f901c5dcb73e732.jpg,Horse
training,gs://bdcc_vertex_ai_bucket/images/0fb656f0d8e27c9a.jpg,Horse
training,gs://bdcc_vertex_ai_bucket/images/1018423367ef25bf.jpg,Horse
training,gs://bdcc_vertex_ai_bucket/images/10962f6bc7c6d013.jpg,Horse
training,gs://bdcc_vertex_ai_bucket/images/10a36a0e29c23c70.jpg,Horse
training,gs://bdcc_vertex_ai_bucket/images/11f3bf6ff9f6120d.jpg,Horse
training,gs://bdcc_vertex_ai_bucket/images/11f4313c24c2e27b.jpg,Horse
training,gs://bdcc_vertex_ai_bucket/images/11fdd25a4b8b85d7.jpg,Horse
training,gs://bdcc_vertex_ai_bucket/images/120a01ef5a123ef1.jpg,Horse
training,gs://bdcc_vertex_ai_bucket/images/12cff10bc6b6ddf7.jpg,Horse
training,gs://bdcc_vertex_ai_bucket/images/13af6d6e2b845388.jpg,Horse
training,gs://bdcc_vertex_ai_bucket/images/13e366b80a184868.jpg,Horse
training,gs://bdcc_vertex_ai_bucket/images/1447059b7e0c5c95.jpg,Horse
training,gs://bdcc_vertex_ai_bucket/images/14d91a4e1de9c3f3.jpg,Horse
training,gs://bdcc_vertex_ai_bucket/images/1504029bef1d4819.jpg,Horse
training,gs://bdcc_vertex_ai_bucket/images/154cd0a8c596af31.jpg,Horse
training,gs://bdcc_vertex_ai_bucket/images/161d46ef3569a9f6.jpg,Horse
training,gs://bdcc_vertex_ai_bucket/images/1650987494baf4d9.jpg,Horse
training,gs://bdcc_vertex_ai_bucket/images/167af8f2bde5db07.jpg,Horse
training,gs://bdcc_vertex_ai_bucket/images/16f99168b74cff1a.jpg,Horse
training,gs://bdcc_vertex_ai_bucket/images/175cfa9317d267de.jpg,Horse
training,gs://bdcc_vertex_ai_bucket/images/17bcfecbd8e82f51.jpg,Horse
training,gs://bdcc_vertex_ai_bucket/images/17bed7e41af2934f.jpg,Horse
training,gs://bdcc_vertex_ai_bucket/images/17e5768a7771bbe5.jpg,Horse
training,gs://bdcc_vertex_ai_bucket/images/186761841e01f9c7.jpg,Horse
training,gs://bdcc_vertex_ai_bucket/images/188b03e4ea34c5e1.jpg,Horse
training,gs://bdcc_vertex_ai_bucket/images/189f2b0b825a651d.jpg,Horse
training,gs://bdcc_vertex_ai_bucket/images/18c3cd0af77a6e8a.jpg,Horse
training,gs://bdcc_vertex_ai_bucket/images/18d962c7db9f1953.jpg,Horse
training,gs://bdcc_vertex_ai_bucket/images/18dcbc544ca2ae8f.jpg,Horse
training,gs://bdcc_vertex_ai_bucket/images/18e5dbb67158438c.jpg,Horse
training,gs://bdcc_vertex_ai_bucket/images/190a2c84dec938bf.jpg,Horse
training,gs://bdcc_vertex_ai_bucket/images/194f812bc0f9dceb.jpg,Horse
validation,gs://bdcc_vertex_ai_bucket/images/198b358e894561c0.jpg,Horse
validation,gs://bdcc_vertex_ai_bucket/images/1a559942e5bdd1fc.jpg,Horse
validation,gs://bdcc_vertex_ai_bucket/images/1a7a899988454c84.jpg,Horse
validation,gs://bdcc_vertex_ai_bucket/images/1aa3c928a4b63951.jpg,Horse
validation,gs://bdcc_vertex_ai_bucket/images/1ad662910d8d6d5d.jpg,Horse
validation,gs://bdcc_vertex_ai_bucket/images/1b3b104c032ae8cb.jpg,Horse
validation,gs://bdcc_vertex_ai_bucket/images/1bdd43df7eca88c3.jpg,Horse
validation,gs://bdcc_vertex_ai_bucket/images/1c6277704f808229.jpg,Horse
validation,gs://bdcc_vertex_ai_bucket/images/1c69867a61d1427c.jpg,Horse
validation,gs://bdcc_vertex_ai_bucket/images/1d265f42ca96c4c8.jpg,Horse
test,gs://bdcc_vertex_ai_bucket/images/1d805560723345de.jpg,Horse
test,gs://bdcc_vertex_ai_bucket/images/1e0f728da5a602f0.jpg,Horse
test,gs://bdcc_vertex_ai_bucket/images/1e3c8f312cb93644.jpg,Horse
test,gs://bdcc_vertex_ai_bucket/images/1f0be8d27b417bb4.jpg,Horse
test,gs://bdcc_vertex_ai_bucket/images/203c6de0f0eb9dec.jpg,Horse
test,gs://bdcc_vertex_ai_bucket/images/204812f59423bc81.jpg,Horse
test,gs://bdcc_vertex_ai_bucket/images/206f16d2a0ebd435.jpg,Horse
test,gs://bdcc_vertex_ai_bucket/images/20e04b5395c1ee8c.jpg,Horse
test,gs://bdcc_vertex_ai_bucket/images/210fccc9699e4bf4.jpg,Horse
test,gs://bdcc_vertex_ai_bucket/images/230c3eb8f22cee77.jpg,Horse
training,gs://bdcc_vertex_ai_bucket/images/039c752e5de51b8a.jpg,Mouse
training,gs://bdcc_vertex_ai_bucket/images/04318cb343f80860.jpg,Mouse
training,gs://bdcc_vertex_ai_bucket/images/05c2a98a9163613c.jpg,Mouse
training,gs://bdcc_vertex_ai_bucket/images/06b2069f091ee596.jpg,Mouse
training,gs://bdcc_vertex_ai_bucket/images/083692858d833d36.jpg,Mouse
training,gs://bdcc_vertex_ai_bucket/images/0988ce47422080a4.jpg,Mouse
training,gs://bdcc_vertex_ai_bucket/images/0a6874845ad648e1.jpg,Mouse
training,gs://bdcc_vertex_ai_bucket/images/0ab0df1065520be2.jpg,Mouse
training,gs://bdcc_vertex_ai_bucket/images/0af88e0948630469.jpg,Mouse
training,gs://bdcc_vertex_ai_bucket/images/0e8964be4c355894.jpg,Mouse
training,gs://bdcc_vertex_ai_bucket/images/0fafae9764b485a1.jpg,Mouse
training,gs://bdcc_vertex_ai_bucket/images/1025ae696aff49b8.jpg,Mouse
training,gs://bdcc_vertex_ai_bucket/images/11d1af195fdee6f0.jpg,Mouse
training,gs://bdcc_vertex_ai_bucket/images/12adf09b8be4f512.jpg,Mouse
training,gs://bdcc_vertex_ai_bucket/images/12e234eba04c7888.jpg,Mouse
training,gs://bdcc_vertex_ai_bucket/images/1366ba3108da6171.jpg,Mouse
training,gs://bdcc_vertex_ai_bucket/images/1672a3a808c94d1f.jpg,Mouse
training,gs://bdcc_vertex_ai_bucket/images/1798f8e52818936f.jpg,Mouse
training,gs://bdcc_vertex_ai_bucket/images/17b895b873a3dae6.jpg,Mouse
training,gs://bdcc_vertex_ai_bucket/images/1c5aca126a0d7d59.jpg,Mouse
training,gs://bdcc_vertex_ai_bucket/images/1e6306d5d5130301.jpg,Mouse
training,gs://bdcc_vertex_ai_bucket/images/1f118f1359caddc0.jpg,Mouse
training,gs://bdcc_vertex_ai_bucket/images/2094ce28fdc83060.jpg,Mouse
training,gs://bdcc_vertex_ai_bucket/images/2280f7c192f6007b.jpg,Mouse
training,gs://bdcc_vertex_ai_bucket/images/22cb787284c85595.jpg,Mouse
training,gs://bdcc_vertex_ai_bucket/images/2653d1ffc451caf6.jpg,Mouse
training,gs://bdcc_vertex_ai_bucket/images/26fc772e71d2e6f8.jpg,Mouse
training,gs://bdcc_vertex_ai_bucket/images/29e4312571967df1.jpg,Mouse
training,gs://bdcc_vertex_ai_bucket/images/2f170d8b435b0145.jpg,Mouse
training,gs://bdcc_vertex_ai_bucket/images/2f4595908ee1ed5c.jpg,Mouse
training,gs://bdcc_vertex_ai_bucket/images/2fa1484693b95b78.jpg,Mouse
training,gs://bdcc_vertex_ai_bucket/images/2ff618f5747cb15a.jpg,Mouse
training,gs://bdcc_vertex_ai_bucket/images/3049e5534d5fadc4.jpg,Mouse
training,gs://bdcc_vertex_ai_bucket/images/305ac2f729123abc.jpg,Mouse
training,gs://bdcc_vertex_ai_bucket/images/30e15713103581c7.jpg,Mouse
training,gs://bdcc_vertex_ai_bucket/images/31314e23c6f65018.jpg,Mouse
training,gs://bdcc_vertex_ai_bucket/images/31c687e7260b1b4f.jpg,Mouse
training,gs://bdcc_vertex_ai_bucket/images/32d5bb70564d1d2a.jpg,Mouse
training,gs://bdcc_vertex_ai_bucket/images/35005550db6df40d.jpg,Mouse
training,gs://bdcc_vertex_ai_bucket/images/3582d4dc65ed72fc.jpg,Mouse
training,gs://bdcc_vertex_ai_bucket/images/36a059aa5faab323.jpg,Mouse
training,gs://bdcc_vertex_ai_bucket/images/379281341b6faf8b.jpg,Mouse
training,gs://bdcc_vertex_ai_bucket/images/379938a8bb7bce2d.jpg,Mouse
training,gs://bdcc_vertex_ai_bucket/images/37fa2abda1bf39bd.jpg,Mouse
training,gs://bdcc_vertex_ai_bucket/images/38c45e9c3657b92b.jpg,Mouse
training,gs://bdcc_vertex_ai_bucket/images/3a967a46879a5e46.jpg,Mouse
training,gs://bdcc_vertex_ai_bucket/images/3af0de80c5636a7b.jpg,Mouse
training,gs://bdcc_vertex_ai_bucket/images/3bd8b01aa95bb33d.jpg,Mouse
training,gs://bdcc_vertex_ai_bucket/images/3c3e2cd62217775c.jpg,Mouse
training,gs://bdcc_vertex_ai_bucket/images/3dac163abeddcad2.jpg,Mouse
training,gs://bdcc_vertex_ai_bucket/images/3dcebd5ba0495fe1.jpg,Mouse
training,gs://bdcc_vertex_ai_bucket/images/3f934b5b01a8b779.jpg,Mouse
training,gs://bdcc_vertex_ai_bucket/images/3fa6819854b27685.jpg,Mouse
training,gs://bdcc_vertex_ai_bucket/images/426fa63a2dc0d700.jpg,Mouse
training,gs://bdcc_vertex_ai_bucket/images/43a83bd438b6faf9.jpg,Mouse
training,gs://bdcc_vertex_ai_bucket/images/43cf967f30c00367.jpg,Mouse
training,gs://bdcc_vertex_ai_bucket/images/445468753782b643.jpg,Mouse
training,gs://bdcc_vertex_ai_bucket/images/44f93cdab0781dd3.jpg,Mouse
training,gs://bdcc_vertex_ai_bucket/images/472f07013fe1fb53.jpg,Mouse
training,gs://bdcc_vertex_ai_bucket/images/4781cbbd8dd0f5b7.jpg,Mouse
training,gs://bdcc_vertex_ai_bucket/images/4860ce82f865f673.jpg,Mouse
training,gs://bdcc_vertex_ai_bucket/images/4d61b2bcd8089999.jpg,Mouse
training,gs://bdcc_vertex_ai_bucket/images/4dc81b302227219b.jpg,Mouse
training,gs://bdcc_vertex_ai_bucket/images/4e07bd5d873e1125.jpg,Mouse
training,gs://bdcc_vertex_ai_bucket/images/4fb045521e239eb6.jpg,Mouse
training,gs://bdcc_vertex_ai_bucket/images/50c932036e5ced1d.jpg,Mouse
training,gs://bdcc_vertex_ai_bucket/images/516037605f2493b7.jpg,Mouse
training,gs://bdcc_vertex_ai_bucket/images/53b1a76ea7f284d9.jpg,Mouse
training,gs://bdcc_vertex_ai_bucket/images/5404ca3ce0fbd773.jpg,Mouse
training,gs://bdcc_vertex_ai_bucket/images/5431b3ed69b0de5e.jpg,Mouse
training,gs://bdcc_vertex_ai_bucket/images/563feb4fbcbc2323.jpg,Mouse
training,gs://bdcc_vertex_ai_bucket/images/56a614015e929724.jpg,Mouse
training,gs://bdcc_vertex_ai_bucket/images/5766ec982ab6d62a.jpg,Mouse
training,gs://bdcc_vertex_ai_bucket/images/577a955cbb035198.jpg,Mouse
training,gs://bdcc_vertex_ai_bucket/images/582e3a9242ad84c3.jpg,Mouse
training,gs://bdcc_vertex_ai_bucket/images/583ea161043cec35.jpg,Mouse
training,gs://bdcc_vertex_ai_bucket/images/5896b411e1a18f8c.jpg,Mouse
training,gs://bdcc_vertex_ai_bucket/images/5c0e0da2f6d8729b.jpg,Mouse
training,gs://bdcc_vertex_ai_bucket/images/5c6a6d2b66fc7536.jpg,Mouse
training,gs://bdcc_vertex_ai_bucket/images/5d99436c45dbe1ab.jpg,Mouse
validation,gs://bdcc_vertex_ai_bucket/images/5e90635844b31982.jpg,Mouse
validation,gs://bdcc_vertex_ai_bucket/images/5ed2792fa21e0344.jpg,Mouse
validation,gs://bdcc_vertex_ai_bucket/images/5fc672e4c41d74a2.jpg,Mouse
validation,gs://bdcc_vertex_ai_bucket/images/5ffed6796003cac9.jpg,Mouse
validation,gs://bdcc_vertex_ai_bucket/images/619f0a09c03c8c13.jpg,Mouse
validation,gs://bdcc_vertex_ai_bucket/images/61eb9af23de930ce.jpg,Mouse
validation,gs://bdcc_vertex_ai_bucket/images/628581a67039f245.jpg,Mouse
validation,gs://bdcc_vertex_ai_bucket/images/656a03af51b510ca.jpg,Mouse
validation,gs://bdcc_vertex_ai_bucket/images/658caa10d97df8b0.jpg,Mouse
validation,gs://bdcc_vertex_ai_bucket/images/65a8db7a59c68763.jpg,Mouse
test,gs://bdcc_vertex_ai_bucket/images/6cf012cdecdb5f17.jpg,Mouse
test,gs://bdcc_vertex_ai_bucket/images/6ddb12ed9a1e6c44.jpg,Mouse
test,gs://bdcc_vertex_ai_bucket/images/6e476377df9cab13.jpg,Mouse
test,gs://bdcc_vertex_ai_bucket/images/701666b11179ff86.jpg,Mouse
test,gs://bdcc_vertex_ai_bucket/images/7191442e1415ad9c.jpg,Mouse
test,gs://bdcc_vertex_ai_bucket/images/7259c38b37d781c5.jpg,Mouse
test,gs://bdcc_vertex_ai_bucket/images/73362d0ce7707b36.jpg,Mouse
test,gs://bdcc_vertex_ai_bucket/images/74fb614c54566820.jpg,Mouse
test,gs://bdcc_vertex_ai_bucket/images/76d67fe26f7576aa.jpg,Mouse
test,gs://bdcc_vertex_ai_bucket/images/77ad80892094bf90.jpg,Mouse
training,gs://bdcc_vertex_ai_bucket/images/04fb867df7ccacb0.jpg,Parrot
training,gs://bdcc_vertex_ai_bucket/images/05211907d51c137d.jpg,Parrot
training,gs://bdcc_vertex_ai_bucket/images/085f62e2375ab7ed.jpg,Parrot
training,gs://bdcc_vertex_ai_bucket/images/094471e37d9fccfe.jpg,Parrot
training,gs://bdcc_vertex_ai_bucket/images/0a2f609992ff8b97.jpg,Parrot
training,gs://bdcc_vertex_ai_bucket/images/0b0e46b5683b443f.jpg,Parrot
training,gs://bdcc_vertex_ai_bucket/images/0b3c9498755e2560.jpg,Parrot
training,gs://bdcc_vertex_ai_bucket/images/0c7b43ad1246e2c8.jpg,Parrot
training,gs://bdcc_vertex_ai_bucket/images/0cc91a1ee964030b.jpg,Parrot
training,gs://bdcc_vertex_ai_bucket/images/0d7d4d13ae9c651e.jpg,Parrot
training,gs://bdcc_vertex_ai_bucket/images/0dce5d2bfcfc90cb.jpg,Parrot
training,gs://bdcc_vertex_ai_bucket/images/0f3c9e70fa6e32a3.jpg,Parrot
training,gs://bdcc_vertex_ai_bucket/images/108050f5ad2b3ec0.jpg,Parrot
training,gs://bdcc_vertex_ai_bucket/images/10fba3ec1125f370.jpg,Parrot
training,gs://bdcc_vertex_ai_bucket/images/118b91c80d3b835f.jpg,Parrot
training,gs://bdcc_vertex_ai_bucket/images/13613a6abbbc9b25.jpg,Parrot
training,gs://bdcc_vertex_ai_bucket/images/13da9efcce31f9fe.jpg,Parrot
training,gs://bdcc_vertex_ai_bucket/images/13f66ac02b81a610.jpg,Parrot
training,gs://bdcc_vertex_ai_bucket/images/142bcd6264ec73f8.jpg,Parrot
training,gs://bdcc_vertex_ai_bucket/images/15dd03b2c38af9fa.jpg,Parrot
training,gs://bdcc_vertex_ai_bucket/images/165c8196486ddc89.jpg,Parrot
training,gs://bdcc_vertex_ai_bucket/images/1862757ccc23a0ef.jpg,Parrot
training,gs://bdcc_vertex_ai_bucket/images/1af837d88ff5bea4.jpg,Parrot
training,gs://bdcc_vertex_ai_bucket/images/1b2ecf218d19ebba.jpg,Parrot
training,gs://bdcc_vertex_ai_bucket/images/1b9b848cad0e10c5.jpg,Parrot
training,gs://bdcc_vertex_ai_bucket/images/1d082e79b553fbd2.jpg,Parrot
training,gs://bdcc_vertex_ai_bucket/images/1d3124577c71de1d.jpg,Parrot
training,gs://bdcc_vertex_ai_bucket/images/1e668be619a5b15e.jpg,Parrot
training,gs://bdcc_vertex_ai_bucket/images/1f6fffe7b8c33f1c.jpg,Parrot
training,gs://bdcc_vertex_ai_bucket/images/209e26029d616699.jpg,Parrot
training,gs://bdcc_vertex_ai_bucket/images/20c63228df57c6d9.jpg,Parrot
training,gs://bdcc_vertex_ai_bucket/images/2214eab07620fb3c.jpg,Parrot
training,gs://bdcc_vertex_ai_bucket/images/22af04e778ea5fe2.jpg,Parrot
training,gs://bdcc_vertex_ai_bucket/images/230d90f9c98d3044.jpg,Parrot
training,gs://bdcc_vertex_ai_bucket/images/23b727efedb677cf.jpg,Parrot
training,gs://bdcc_vertex_ai_bucket/images/23cc198054f312ee.jpg,Parrot
training,gs://bdcc_vertex_ai_bucket/images/24617dfac16eb16f.jpg,Parrot
training,gs://bdcc_vertex_ai_bucket/images/251d4c429f6f9c39.jpg,Parrot
training,gs://bdcc_vertex_ai_bucket/images/269344a982024065.jpg,Parrot
training,gs://bdcc_vertex_ai_bucket/images/26f804f44bff0223.jpg,Parrot
training,gs://bdcc_vertex_ai_bucket/images/2712b5963ba3d82d.jpg,Parrot
training,gs://bdcc_vertex_ai_bucket/images/274f5dc1824c4318.jpg,Parrot
training,gs://bdcc_vertex_ai_bucket/images/279663ed45ba1ecb.jpg,Parrot
training,gs://bdcc_vertex_ai_bucket/images/29f9c66114a70cc0.jpg,Parrot
training,gs://bdcc_vertex_ai_bucket/images/2ba968d1d6b6c4ee.jpg,Parrot
training,gs://bdcc_vertex_ai_bucket/images/2d48ecc024b61aa1.jpg,Parrot
training,gs://bdcc_vertex_ai_bucket/images/2daaf9d2d175d12c.jpg,Parrot
training,gs://bdcc_vertex_ai_bucket/images/2e143c06d049b3e4.jpg,Parrot
training,gs://bdcc_vertex_ai_bucket/images/2e7ce3229bc96a76.jpg,Parrot
training,gs://bdcc_vertex_ai_bucket/images/2ec3164453fffe9f.jpg,Parrot
training,gs://bdcc_vertex_ai_bucket/images/2f9ac1f11e4f79c7.jpg,Parrot
training,gs://bdcc_vertex_ai_bucket/images/3113fd87688332ad.jpg,Parrot
training,gs://bdcc_vertex_ai_bucket/images/3399988665f866a2.jpg,Parrot
training,gs://bdcc_vertex_ai_bucket/images/3424d7ccabc924bf.jpg,Parrot
training,gs://bdcc_vertex_ai_bucket/images/3493c2c37f617741.jpg,Parrot
training,gs://bdcc_vertex_ai_bucket/images/35a5bceb42d99bd1.jpg,Parrot
training,gs://bdcc_vertex_ai_bucket/images/3938d3d623d4f45b.jpg,Parrot
training,gs://bdcc_vertex_ai_bucket/images/3ce78fd962d3f31c.jpg,Parrot
training,gs://bdcc_vertex_ai_bucket/images/3dbc9e9e9d93b732.jpg,Parrot
training,gs://bdcc_vertex_ai_bucket/images/4027c188202f7728.jpg,Parrot
training,gs://bdcc_vertex_ai_bucket/images/4128721bd6e3fe2e.jpg,Parrot
training,gs://bdcc_vertex_ai_bucket/images/42c4c99657172bd8.jpg,Parrot
training,gs://bdcc_vertex_ai_bucket/images/42d8cbf4d9dd1bb3.jpg,Parrot
training,gs://bdcc_vertex_ai_bucket/images/437488d6af8bcf7e.jpg,Parrot
training,gs://bdcc_vertex_ai_bucket/images/43c96cfb69f41f3a.jpg,Parrot
training,gs://bdcc_vertex_ai_bucket/images/467ab2b752b24d2c.jpg,Parrot
training,gs://bdcc_vertex_ai_bucket/images/483a56b1af8587cd.jpg,Parrot
training,gs://bdcc_vertex_ai_bucket/images/48d878828eced4f3.jpg,Parrot
training,gs://bdcc_vertex_ai_bucket/images/49f093a5b0eba52e.jpg,Parrot
training,gs://bdcc_vertex_ai_bucket/images/4d4872f8b90647fe.jpg,Parrot
training,gs://bdcc_vertex_ai_bucket/images/4da2468cad70d44d.jpg,Parrot
training,gs://bdcc_vertex_ai_bucket/images/4e35841ab9713e84.jpg,Parrot
training,gs://bdcc_vertex_ai_bucket/images/50104db86657036c.jpg,Parrot
training,gs://bdcc_vertex_ai_bucket/images/516ed485eb0d685c.jpg,Parrot
training,gs://bdcc_vertex_ai_bucket/images/52e90908de840e67.jpg,Parrot
training,gs://bdcc_vertex_ai_bucket/images/55add06224cf7350.jpg,Parrot
training,gs://bdcc_vertex_ai_bucket/images/5783f0a84eb3cf39.jpg,Parrot
training,gs://bdcc_vertex_ai_bucket/images/57cca73e2afe2550.jpg,Parrot
training,gs://bdcc_vertex_ai_bucket/images/593122d6e6d2c165.jpg,Parrot
training,gs://bdcc_vertex_ai_bucket/images/595698f498e1b662.jpg,Parrot
validation,gs://bdcc_vertex_ai_bucket/images/5b12d20e2821d5c2.jpg,Parrot
validation,gs://bdcc_vertex_ai_bucket/images/5b46fc3301f6b96f.jpg,Parrot
validation,gs://bdcc_vertex_ai_bucket/images/5ca8a669d32938e5.jpg,Parrot
validation,gs://bdcc_vertex_ai_bucket/images/5d4e853f569ad780.jpg,Parrot
validation,gs://bdcc_vertex_ai_bucket/images/623cfdea0377a742.jpg,Parrot
validation,gs://bdcc_vertex_ai_bucket/images/6265eed8dd7f6652.jpg,Parrot
validation,gs://bdcc_vertex_ai_bucket/images/62b5dcc4bc0f0e60.jpg,Parrot
validation,gs://bdcc_vertex_ai_bucket/images/6616db780fa8b007.jpg,Parrot
validation,gs://bdcc_vertex_ai_bucket/images/667ea012d9995afb.jpg,Parrot
validation,gs://bdcc_vertex_ai_bucket/images/6785bef2ab687093.jpg,Parrot
test,gs://bdcc_vertex_ai_bucket/images/694a4a5164600ce9.jpg,Parrot
test,gs://bdcc_vertex_ai_bucket/images/69e9f5451f4854d5.jpg,Parrot
test,gs://bdcc_vertex_ai_bucket/images/6aa01cd6310a6a6b.jpg,Parrot
test,gs://bdcc_vertex_ai_bucket/images/6ad02fe92717854b.jpg,Parrot
test,gs://bdcc_vertex_ai_bucket/images/6af388242e17d331.jpg,Parrot
test,gs://bdcc_vertex_ai_bucket/images/6b88736131a2328b.jpg,Parrot
test,gs://bdcc_vertex_ai_bucket/images/6c4c9879d649a1e4.jpg,Parrot
test,gs://bdcc_vertex_ai_bucket/images/6c6fd62f3906e988.jpg,Parrot
test,gs://bdcc_vertex_ai_bucket/images/6eaa6cca7a1e81d3.jpg,Parrot
test,gs://bdcc_vertex_ai_bucket/images/70fd2db326d6d95c.jpg,Parrot
training,gs://bdcc_vertex_ai_bucket/images/00fd547449716c1a.jpg,Rabbit
training,gs://bdcc_vertex_ai_bucket/images/02b8cbb00f69108b.jpg,Rabbit
training,gs://bdcc_vertex_ai_bucket/images/030212548c1656e6.jpg,Rabbit
training,gs://bdcc_vertex_ai_bucket/images/04b86928b5e54b39.jpg,Rabbit
training,gs://bdcc_vertex_ai_bucket/images/072b8fd82919ab3e.jpg,Rabbit
training,gs://bdcc_vertex_ai_bucket/images/09db444f904f79a1.jpg,Rabbit
training,gs://bdcc_vertex_ai_bucket/images/0a77e5dee4c414a4.jpg,Rabbit
training,gs://bdcc_vertex_ai_bucket/images/0a8b367d8983474a.jpg,Rabbit
training,gs://bdcc_vertex_ai_bucket/images/0ceef1d021e3c616.jpg,Rabbit
training,gs://bdcc_vertex_ai_bucket/images/0fafae9764b485a1.jpg,Rabbit
training,gs://bdcc_vertex_ai_bucket/images/1025ae696aff49b8.jpg,Rabbit
training,gs://bdcc_vertex_ai_bucket/images/109fb678aae7caa8.jpg,Rabbit
training,gs://bdcc_vertex_ai_bucket/images/14b53012d63c3e14.jpg,Rabbit
training,gs://bdcc_vertex_ai_bucket/images/1584e6666f47189d.jpg,Rabbit
training,gs://bdcc_vertex_ai_bucket/images/15b35f82340e9505.jpg,Rabbit
training,gs://bdcc_vertex_ai_bucket/images/18f040bad0ec88fb.jpg,Rabbit
training,gs://bdcc_vertex_ai_bucket/images/19430aa55fce2ef3.jpg,Rabbit
training,gs://bdcc_vertex_ai_bucket/images/194c0796217cb704.jpg,Rabbit
training,gs://bdcc_vertex_ai_bucket/images/19c5338d49c97e52.jpg,Rabbit
training,gs://bdcc_vertex_ai_bucket/images/1a7203f7cdfe99a7.jpg,Rabbit
training,gs://bdcc_vertex_ai_bucket/images/1a9e2a971958d988.jpg,Rabbit
training,gs://bdcc_vertex_ai_bucket/images/1ba4c6e2ce46dd91.jpg,Rabbit
training,gs://bdcc_vertex_ai_bucket/images/1ca9a1665408a7e8.jpg,Rabbit
training,gs://bdcc_vertex_ai_bucket/images/1d4b48d226731c8a.jpg,Rabbit
training,gs://bdcc_vertex_ai_bucket/images/1e4e31d44d617139.jpg,Rabbit
training,gs://bdcc_vertex_ai_bucket/images/1f785c5e1c97a186.jpg,Rabbit
training,gs://bdcc_vertex_ai_bucket/images/21d2398a870b30e9.jpg,Rabbit
training,gs://bdcc_vertex_ai_bucket/images/223efcd1dea349dd.jpg,Rabbit
training,gs://bdcc_vertex_ai_bucket/images/244ff97dae202e62.jpg,Rabbit
training,gs://bdcc_vertex_ai_bucket/images/257429cbbfb63f1a.jpg,Rabbit
training,gs://bdcc_vertex_ai_bucket/images/274c6dc736cba68b.jpg,Rabbit
training,gs://bdcc_vertex_ai_bucket/images/27af122934d4f2b1.jpg,Rabbit
training,gs://bdcc_vertex_ai_bucket/images/27cca982885ac3ea.jpg,Rabbit
training,gs://bdcc_vertex_ai_bucket/images/28bd70225b82d5c7.jpg,Rabbit
training,gs://bdcc_vertex_ai_bucket/images/29f758145728723a.jpg,Rabbit
training,gs://bdcc_vertex_ai_bucket/images/2a29484193434660.jpg,Rabbit
training,gs://bdcc_vertex_ai_bucket/images/2bb32ed3ceb25527.jpg,Rabbit
training,gs://bdcc_vertex_ai_bucket/images/2c16ed1f160a6dca.jpg,Rabbit
training,gs://bdcc_vertex_ai_bucket/images/2c37a57fc83e6790.jpg,Rabbit
training,gs://bdcc_vertex_ai_bucket/images/2c51d0ca629e8b80.jpg,Rabbit
training,gs://bdcc_vertex_ai_bucket/images/2cae3e3332996b13.jpg,Rabbit
training,gs://bdcc_vertex_ai_bucket/images/2f0093c453a9f23a.jpg,Rabbit
training,gs://bdcc_vertex_ai_bucket/images/3049e5534d5fadc4.jpg,Rabbit
training,gs://bdcc_vertex_ai_bucket/images/34012c59c928d625.jpg,Rabbit
training,gs://bdcc_vertex_ai_bucket/images/34c9bb5b7b7c8552.jpg,Rabbit
training,gs://bdcc_vertex_ai_bucket/images/35f9e1e71fa21300.jpg,Rabbit
training,gs://bdcc_vertex_ai_bucket/images/38e6bff68a7a6269.jpg,Rabbit
training,gs://bdcc_vertex_ai_bucket/images/38f3b4bff4ddf04e.jpg,Rabbit
training,gs://bdcc_vertex_ai_bucket/images/38fb7f570422b0a1.jpg,Rabbit
training,gs://bdcc_vertex_ai_bucket/images/3a22f6843b725d70.jpg,Rabbit
training,gs://bdcc_vertex_ai_bucket/images/3a39cafa58ca5a7c.jpg,Rabbit
training,gs://bdcc_vertex_ai_bucket/images/3a7d2cf7878db36d.jpg,Rabbit
training,gs://bdcc_vertex_ai_bucket/images/3b28bd982275c414.jpg,Rabbit
training,gs://bdcc_vertex_ai_bucket/images/3b340da48c7da344.jpg,Rabbit
training,gs://bdcc_vertex_ai_bucket/images/3b6819e309d6459c.jpg,Rabbit
training,gs://bdcc_vertex_ai_bucket/images/3ce4e223826915e8.jpg,Rabbit
training,gs://bdcc_vertex_ai_bucket/images/3f5be995afff7a2b.jpg,Rabbit
training,gs://bdcc_vertex_ai_bucket/images/40dc8711f14c5bcd.jpg,Rabbit
training,gs://bdcc_vertex_ai_bucket/images/432e9320b42ffc1c.jpg,Rabbit
training,gs://bdcc_vertex_ai_bucket/images/43a83bd438b6faf9.jpg,Rabbit
training,gs://bdcc_vertex_ai_bucket/images/441ac7d90c069254.jpg,Rabbit
training,gs://bdcc_vertex_ai_bucket/images/460a055d587fc039.jpg,Rabbit
training,gs://bdcc_vertex_ai_bucket/images/46688742d32bdfe3.jpg,Rabbit
training,gs://bdcc_vertex_ai_bucket/images/47c9539f3bf05880.jpg,Rabbit
training,gs://bdcc_vertex_ai_bucket/images/4a4ee4bd172f15a2.jpg,Rabbit
training,gs://bdcc_vertex_ai_bucket/images/4bb905ef751daa4a.jpg,Rabbit
training,gs://bdcc_vertex_ai_bucket/images/4bcc5659be88d83b.jpg,Rabbit
training,gs://bdcc_vertex_ai_bucket/images/4bf210a1e02664cb.jpg,Rabbit
training,gs://bdcc_vertex_ai_bucket/images/4bfe76e0f515cce8.jpg,Rabbit
training,gs://bdcc_vertex_ai_bucket/images/4c03b0b44144e290.jpg,Rabbit
training,gs://bdcc_vertex_ai_bucket/images/4c32899cae50ec1d.jpg,Rabbit
training,gs://bdcc_vertex_ai_bucket/images/4d786e9443bc1a47.jpg,Rabbit
training,gs://bdcc_vertex_ai_bucket/images/50b992e7bb018782.jpg,Rabbit
training,gs://bdcc_vertex_ai_bucket/images/50c932036e5ced1d.jpg,Rabbit
training,gs://bdcc_vertex_ai_bucket/images/5203b16a68962d62.jpg,Rabbit
training,gs://bdcc_vertex_ai_bucket/images/549b30f19389eb73.jpg,Rabbit
training,gs://bdcc_vertex_ai_bucket/images/550f9e2e779d8598.jpg,Rabbit
training,gs://bdcc_vertex_ai_bucket/images/565ff835e200e5d8.jpg,Rabbit
training,gs://bdcc_vertex_ai_bucket/images/567e233b1b9dfccb.jpg,Rabbit
training,gs://bdcc_vertex_ai_bucket/images/5721c51a5d325fd7.jpg,Rabbit
validation,gs://bdcc_vertex_ai_bucket/images/59ec480590cfe719.jpg,Rabbit
validation,gs://bdcc_vertex_ai_bucket/images/5cbe4a08bf82c6e6.jpg,Rabbit
validation,gs://bdcc_vertex_ai_bucket/images/5de73c0a8a2f1ca9.jpg,Rabbit
validation,gs://bdcc_vertex_ai_bucket/images/5e25bb93819d7e8e.jpg,Rabbit
validation,gs://bdcc_vertex_ai_bucket/images/5e6707029a5f48f9.jpg,Rabbit
validation,gs://bdcc_vertex_ai_bucket/images/60124c8a3ec9601a.jpg,Rabbit
validation,gs://bdcc_vertex_ai_bucket/images/6066e0f1f1a29052.jpg,Rabbit
validation,gs://bdcc_vertex_ai_bucket/images/607f6fbde129b324.jpg,Rabbit
validation,gs://bdcc_vertex_ai_bucket/images/61002e7388fa9d79.jpg,Rabbit
validation,gs://bdcc_vertex_ai_bucket/images/61ed426ef9fdb272.jpg,Rabbit
test,gs://bdcc_vertex_ai_bucket/images/6864a30114c2acdc.jpg,Rabbit
test,gs://bdcc_vertex_ai_bucket/images/6aac1c6aa7fc2d23.jpg,Rabbit
test,gs://bdcc_vertex_ai_bucket/images/6dd53fde73d50de6.jpg,Rabbit
test,gs://bdcc_vertex_ai_bucket/images/6fd33990386cbf33.jpg,Rabbit
test,gs://bdcc_vertex_ai_bucket/images/70944394e1ed3bde.jpg,Rabbit
test,gs://bdcc_vertex_ai_bucket/images/70bd59e227910c24.jpg,Rabbit
test,gs://bdcc_vertex_ai_bucket/images/710113a2a417da97.jpg,Rabbit
test,gs://bdcc_vertex_ai_bucket/images/7166ec99342d8c7b.jpg,Rabbit
test,gs://bdcc_vertex_ai_bucket/images/718b3c84e0dd7398.jpg,Rabbit
test,gs://bdcc_vertex_ai_bucket/images/7274ddf690ea3c34.jpg,Rabbit
training,gs://bdcc_vertex_ai_bucket/images/0069d54248bee069.jpg,Shark
training,gs://bdcc_vertex_ai_bucket/images/026aeb38ed48e08d.jpg,Shark
training,gs://bdcc_vertex_ai_bucket/images/03b21fb42485372c.jpg,Shark
training,gs://bdcc_vertex_ai_bucket/images/05420655d6f2728f.jpg,Shark
training,gs://bdcc_vertex_ai_bucket/images/06228862b407bdc0.jpg,Shark
training,gs://bdcc_vertex_ai_bucket/images/06a330184f863997.jpg,Shark
training,gs://bdcc_vertex_ai_bucket/images/072a91171a9aefec.jpg,Shark
training,gs://bdcc_vertex_ai_bucket/images/09ff1187ec17d27a.jpg,Shark
training,gs://bdcc_vertex_ai_bucket/images/0f2a9ac3d93ef77b.jpg,Shark
training,gs://bdcc_vertex_ai_bucket/images/11424b836caa2419.jpg,Shark
training,gs://bdcc_vertex_ai_bucket/images/14f48e1dad61f7c6.jpg,Shark
training,gs://bdcc_vertex_ai_bucket/images/163e2e81945feb55.jpg,Shark
training,gs://bdcc_vertex_ai_bucket/images/18d2e8905bae1871.jpg,Shark
training,gs://bdcc_vertex_ai_bucket/images/1ab586408df2f061.jpg,Shark
training,gs://bdcc_vertex_ai_bucket/images/1b6ecb85482bfba7.jpg,Shark
training,gs://bdcc_vertex_ai_bucket/images/1d59db2495553468.jpg,Shark
training,gs://bdcc_vertex_ai_bucket/images/1e4a4039416d8e33.jpg,Shark
training,gs://bdcc_vertex_ai_bucket/images/226c24230be09b72.jpg,Shark
training,gs://bdcc_vertex_ai_bucket/images/23f2f84f2f5b0d5b.jpg,Shark
training,gs://bdcc_vertex_ai_bucket/images/2437821cceb6d1a4.jpg,Shark
training,gs://bdcc_vertex_ai_bucket/images/2613ccddca33df02.jpg,Shark
training,gs://bdcc_vertex_ai_bucket/images/26a76e957b9a8b9d.jpg,Shark
training,gs://bdcc_vertex_ai_bucket/images/27c5ad1a85ddc354.jpg,Shark
training,gs://bdcc_vertex_ai_bucket/images/2a487daf85d5687a.jpg,Shark
training,gs://bdcc_vertex_ai_bucket/images/2a86fdc4ba9553f2.jpg,Shark
training,gs://bdcc_vertex_ai_bucket/images/2c2b52e0341b12bd.jpg,Shark
training,gs://bdcc_vertex_ai_bucket/images/2cd0b3c04d50aa68.jpg,Shark
training,gs://bdcc_vertex_ai_bucket/images/2cef5ff7d45234ef.jpg,Shark
training,gs://bdcc_vertex_ai_bucket/images/2f34194c292634d9.jpg,Shark
training,gs://bdcc_vertex_ai_bucket/images/31b01e721ca30d9f.jpg,Shark
training,gs://bdcc_vertex_ai_bucket/images/322a07f19ba131e6.jpg,Shark
training,gs://bdcc_vertex_ai_bucket/images/33138d0c4d03f92a.jpg,Shark
training,gs://bdcc_vertex_ai_bucket/images/37fc9398b2d523b5.jpg,Shark
training,gs://bdcc_vertex_ai_bucket/images/382e9153db420c38.jpg,Shark
training,gs://bdcc_vertex_ai_bucket/images/3885980096da4b0a.jpg,Shark
training,gs://bdcc_vertex_ai_bucket/images/39eb679fc9ba8a0f.jpg,Shark
training,gs://bdcc_vertex_ai_bucket/images/3c6f991f96f3847c.jpg,Shark
training,gs://bdcc_vertex_ai_bucket/images/420b43a5ae7f3c91.jpg,Shark
training,gs://bdcc_vertex_ai_bucket/images/43c0751269a742b9.jpg,Shark
training,gs://bdcc_vertex_ai_bucket/images/4a02eb9c5b4213cc.jpg,Shark
training,gs://bdcc_vertex_ai_bucket/images/4a49eefe47305392.jpg,Shark
training,gs://bdcc_vertex_ai_bucket/images/4b2c12697307cdf8.jpg,Shark
training,gs://bdcc_vertex_ai_bucket/images/505c612ab4591c35.jpg,Shark
training,gs://bdcc_vertex_ai_bucket/images/514440ef77e117f2.jpg,Shark
training,gs://bdcc_vertex_ai_bucket/images/52d57fae3e27fa6e.jpg,Shark
training,gs://bdcc_vertex_ai_bucket/images/52e08be356ce0d94.jpg,Shark
training,gs://bdcc_vertex_ai_bucket/images/52e64a0b0c39530f.jpg,Shark
training,gs://bdcc_vertex_ai_bucket/images/53e63cc32802edb4.jpg,Shark
training,gs://bdcc_vertex_ai_bucket/images/564ce852cb8483b3.jpg,Shark
training,gs://bdcc_vertex_ai_bucket/images/573cd2480457e201.jpg,Shark
training,gs://bdcc_vertex_ai_bucket/images/58d5304378bd430b.jpg,Shark
training,gs://bdcc_vertex_ai_bucket/images/5bc93fdde6aefa9c.jpg,Shark
training,gs://bdcc_vertex_ai_bucket/images/5ca51c1241cc39af.jpg,Shark
training,gs://bdcc_vertex_ai_bucket/images/5fab97f9d2bbdc58.jpg,Shark
training,gs://bdcc_vertex_ai_bucket/images/61366d71d4cb2898.jpg,Shark
training,gs://bdcc_vertex_ai_bucket/images/62db963bb9a39594.jpg,Shark
training,gs://bdcc_vertex_ai_bucket/images/6303d05ededbd236.jpg,Shark
training,gs://bdcc_vertex_ai_bucket/images/63d927ffc07b98c9.jpg,Shark
training,gs://bdcc_vertex_ai_bucket/images/6450e39aad011776.jpg,Shark
training,gs://bdcc_vertex_ai_bucket/images/6513afd257938970.jpg,Shark
training,gs://bdcc_vertex_ai_bucket/images/6621b419ad2ac20f.jpg,Shark
training,gs://bdcc_vertex_ai_bucket/images/6a6c0cd49b2352ca.jpg,Shark
training,gs://bdcc_vertex_ai_bucket/images/6f0f56d7eeaf45fb.jpg,Shark
training,gs://bdcc_vertex_ai_bucket/images/716f87f891a1940c.jpg,Shark
training,gs://bdcc_vertex_ai_bucket/images/76183da662c3e3df.jpg,Shark
training,gs://bdcc_vertex_ai_bucket/images/761b6479ce97b245.jpg,Shark
training,gs://bdcc_vertex_ai_bucket/images/7a8183334384a923.jpg,Shark
training,gs://bdcc_vertex_ai_bucket/images/7bbaafbb4b5710cd.jpg,Shark
training,gs://bdcc_vertex_ai_bucket/images/7df8eb0e1b7d24eb.jpg,Shark
training,gs://bdcc_vertex_ai_bucket/images/7e757562cd4c36d9.jpg,Shark
training,gs://bdcc_vertex_ai_bucket/images/7f8c4daded1d9129.jpg,Shark
training,gs://bdcc_vertex_ai_bucket/images/81c40238643d54a5.jpg,Shark
training,gs://bdcc_vertex_ai_bucket/images/82b9f30e078c6cc6.jpg,Shark
training,gs://bdcc_vertex_ai_bucket/images/8336e70354675f7d.jpg,Shark
training,gs://bdcc_vertex_ai_bucket/images/83f705c64f4ab627.jpg,Shark
training,gs://bdcc_vertex_ai_bucket/images/852db00f30921d41.jpg,Shark
training,gs://bdcc_vertex_ai_bucket/images/85b1858c37007764.jpg,Shark
training,gs://bdcc_vertex_ai_bucket/images/862004cef5543a90.jpg,Shark
training,gs://bdcc_vertex_ai_bucket/images/86d0b8f94d5b0024.jpg,Shark
training,gs://bdcc_vertex_ai_bucket/images/891eb2653e63f9d9.jpg,Shark
validation,gs://bdcc_vertex_ai_bucket/images/897aae1250cc42fc.jpg,Shark
validation,gs://bdcc_vertex_ai_bucket/images/89fe811747e2dbef.jpg,Shark
validation,gs://bdcc_vertex_ai_bucket/images/8ac1e81bf12abc40.jpg,Shark
validation,gs://bdcc_vertex_ai_bucket/images/8c464957d7c005fe.jpg,Shark
validation,gs://bdcc_vertex_ai_bucket/images/8c5faef1a59feb90.jpg,Shark
validation,gs://bdcc_vertex_ai_bucket/images/8c8eef24bb9c8eb4.jpg,Shark
validation,gs://bdcc_vertex_ai_bucket/images/912d43a7e4c654b7.jpg,Shark
validation,gs://bdcc_vertex_ai_bucket/images/941f8903ab2d8894.jpg,Shark
validation,gs://bdcc_vertex_ai_bucket/images/961b23ff6f09aab4.jpg,Shark
validation,gs://bdcc_vertex_ai_bucket/images/994ada545202a819.jpg,Shark
test,gs://bdcc_vertex_ai_bucket/images/9a52aee67bf0cf58.jpg,Shark
test,gs://bdcc_vertex_ai_bucket/images/9b6e2eca9e71d3d8.jpg,Shark
test,gs://bdcc_vertex_ai_bucket/images/9c4663774ffb2c47.jpg,Shark
test,gs://bdcc_vertex_ai_bucket/images/9fc376d13f90c982.jpg,Shark
test,gs://bdcc_vertex_ai_bucket/images/a2abfd1d0d29eae9.jpg,Shark
test,gs://bdcc_vertex_ai_bucket/images/a704ec4be2217b23.jpg,Shark
test,gs://bdcc_vertex_ai_bucket/images/a7331b6c088e11b2.jpg,Shark
test,gs://bdcc_vertex_ai_bucket/images/a74a85c4c3ab312b.jpg,Shark
test,gs://bdcc_vertex_ai_bucket/images/a90853d412ac901b.jpg,Shark
test,gs://bdcc_vertex_ai_bucket/images/ad6768f15203ed1a.jpg,Shark
